EntityName,EntityColumn
124507_DEVSTY,Brand_GLO_S 
124507_DEVSTY,Gender_GLO_S 
124507_DEVSTY,Product_Region_GLO_S 
124507_DEVSTY,Source_System_GLO_S 
124507_DEVSTY,UOM_GLO_S 
124507_DEVSTY,salsify:data_inheritance_hierarchy_level_id
124507,Style_GLO_S 
124507,Brand_Group_USA_S 
124507,Category_USA_S 
124507,Commission_Group_USA_S 
124507,Gender_Category_USA_S 
124507,Product_Group_USA_S 
124507,Silhouette_USA_S 
124507,Sub_Brand_USA_S 
124507,Sub_Category_USA_S 
124507,Attribute_Code_USA_S 
124507,Magento_Product_Name_USA_A 
124507,Magento_Product_Name_USA_A 
124507,salsify:parent_id
124507,salsify:data_inheritance_hierarchy_level_id
124507_LF1,NRF_Color_Code_USA_S 
124507_LF1,Color_Code_GLO_S 
124507_LF1,Color_Desc_GLO_S 
124507_LF1,Magento_SKU_GLO_A 
124507_LF1,salsify:parent_id
124507_LF1,salsify:data_inheritance_hierarchy_level_id
7.22691E+11,Grid_Value_USA_S 
7.22691E+11,Material_Num_USA_S 
7.22691E+11,UPC_GLO_S 
7.22691E+11,Fiber_Type_GLO_S 
7.22691E+11,Material_Desc_USA_S 
7.22691E+11,NRF_Size_Code_USA_S 
7.22691E+11,Compact_Size_Desc_GLO_S 
7.22691E+11,Size_Code_USA_S 
7.22691E+11,Size_Desc_GLO_S 
7.22691E+11,Case_Qty_USA_S 
7.22691E+11,Country_of_Origin_Code_GLO_S 
7.22691E+11,Country_of_Origin_GLO_S 
7.22691E+11,Tax_Code_USA_S 
7.22691E+11,Magento_SKU_GLO_A 
7.22691E+11,Magento_Price_USA_A 
7.22691E+11,Magento_Price_USA_A 
7.22691E+11,Magento_Product_Name_USA_A 
7.22691E+11,Magento_Product_Name_USA_A 
7.22691E+11,Magento_Quantity_USA_A 
7.22691E+11,Magento_Quantity_USA_A 
7.22691E+11,salsify:parent_id
7.22691E+11,salsify:data_inheritance_hierarchy_level_id
7.22691E+11,Grid_Value_USA_S 
7.22691E+11,Material_Num_USA_S 
7.22691E+11,UPC_GLO_S 
7.22691E+11,Fiber_Type_GLO_S 
7.22691E+11,Material_Desc_USA_S 
7.22691E+11,NRF_Size_Code_USA_S 
7.22691E+11,Compact_Size_Desc_GLO_S 
7.22691E+11,Size_Code_USA_S 
7.22691E+11,Size_Desc_GLO_S 
7.22691E+11,Case_Qty_USA_S 
7.22691E+11,Country_of_Origin_Code_GLO_S 
7.22691E+11,Country_of_Origin_GLO_S 
7.22691E+11,Tax_Code_USA_S 
7.22691E+11,Magento_SKU_GLO_A 
7.22691E+11,Magento_Price_USA_A 
7.22691E+11,Magento_Price_USA_A 
7.22691E+11,Magento_Product_Name_USA_A 
7.22691E+11,Magento_Product_Name_USA_A 
7.22691E+11,Magento_Quantity_USA_A 
7.22691E+11,Magento_Quantity_USA_A 
7.22691E+11,salsify:parent_id
7.22691E+11,salsify:data_inheritance_hierarchy_level_id
7.22691E+11,Grid_Value_USA_S 
7.22691E+11,Material_Num_USA_S 
7.22691E+11,UPC_GLO_S 
7.22691E+11,Fiber_Type_GLO_S 
7.22691E+11,Material_Desc_USA_S 
7.22691E+11,NRF_Size_Code_USA_S 
7.22691E+11,Compact_Size_Desc_GLO_S 
7.22691E+11,Size_Code_USA_S 
7.22691E+11,Size_Desc_GLO_S 
7.22691E+11,Case_Qty_USA_S 
7.22691E+11,Country_of_Origin_Code_GLO_S 
7.22691E+11,Country_of_Origin_GLO_S 
7.22691E+11,Tax_Code_USA_S 
7.22691E+11,Magento_SKU_GLO_A 
7.22691E+11,Magento_Price_USA_A 
7.22691E+11,Magento_Price_USA_A 
7.22691E+11,Magento_Product_Name_USA_A 
7.22691E+11,Magento_Product_Name_USA_A 
7.22691E+11,Magento_Quantity_USA_A 
7.22691E+11,Magento_Quantity_USA_A 
7.22691E+11,salsify:parent_id
7.22691E+11,salsify:data_inheritance_hierarchy_level_id
7.22691E+11,Grid_Value_USA_S 
7.22691E+11,Material_Num_USA_S 
7.22691E+11,UPC_GLO_S 
7.22691E+11,Fiber_Type_GLO_S 
7.22691E+11,Material_Desc_USA_S 
7.22691E+11,NRF_Size_Code_USA_S 
7.22691E+11,Compact_Size_Desc_GLO_S 
7.22691E+11,Size_Code_USA_S 
7.22691E+11,Size_Desc_GLO_S 
7.22691E+11,Case_Qty_USA_S 
7.22691E+11,Country_of_Origin_Code_GLO_S 
7.22691E+11,Country_of_Origin_GLO_S 
7.22691E+11,Tax_Code_USA_S 
7.22691E+11,Magento_SKU_GLO_A 
7.22691E+11,Magento_Price_USA_A 
7.22691E+11,Magento_Price_USA_A 
7.22691E+11,Magento_Product_Name_USA_A 
7.22691E+11,Magento_Product_Name_USA_A 
7.22691E+11,Magento_Quantity_USA_A 
7.22691E+11,Magento_Quantity_USA_A 
7.22691E+11,salsify:parent_id
7.22691E+11,salsify:data_inheritance_hierarchy_level_id
GF937_Y07971_DEVSTY,Brand_GLO_S 
GF937_Y07971_DEVSTY,Gender_GLO_S 
GF937_Y07971_DEVSTY,Product_Region_GLO_S 
GF937_Y07971_DEVSTY,Source_System_GLO_S 
GF937_Y07971_DEVSTY,UOM_GLO_S 
GF937_Y07971_DEVSTY,salsify:data_inheritance_hierarchy_level_id
GF937_Y07971,Style_GLO_S 
GF937_Y07971,Brand_Group_USA_S 
GF937_Y07971,Category_USA_S 
GF937_Y07971,Commission_Group_USA_S 
GF937_Y07971,Gender_Category_USA_S 
GF937_Y07971,Product_Group_USA_S 
GF937_Y07971,Silhouette_USA_S 
GF937_Y07971,Sub_Brand_USA_S 
GF937_Y07971,Sub_Category_USA_S 
GF937_Y07971,Attribute_Code_USA_S 
GF937_Y07971,Mkt_Bullet_1_GLO_M 
GF937_Y07971,Mkt_Bullet_2_GLO_M 
GF937_Y07971,Mkt_Bullet_3_GLO_M 
GF937_Y07971,Mkt_Bullet_4_GLO_M 
GF937_Y07971,Mkt_Bullet_5_GLO_M 
GF937_Y07971,Magento_Fiber_Type_USA_M.1
GF937_Y07971,Magento_Product_Name_USA_A 
GF937_Y07971,Magento_Product_Name_USA_A 
GF937_Y07971,salsify:parent_id
GF937_Y07971,salsify:data_inheritance_hierarchy_level_id
GF937_Y07971_001,Product_Region_GLO_S 
GF937_Y07971_001,NRF_Color_Code_USA_S 
GF937_Y07971_001,Color_Code_GLO_S 
GF937_Y07971_001,Color_Desc_GLO_S 
GF937_Y07971_001,Magento_SKU_GLO_A 
GF937_Y07971_001,salsify:parent_id
GF937_Y07971_001,salsify:data_inheritance_hierarchy_level_id
1.92504E+11,Grid_Value_USA_S 
1.92504E+11,Material_Num_USA_S 
1.92504E+11,UPC_GLO_S 
1.92504E+11,Product_Region_GLO_S 
1.92504E+11,Fiber_Type_GLO_S 
1.92504E+11,Material_Desc_USA_S 
1.92504E+11,Size_Code_USA_S 
1.92504E+11,Size_Desc_GLO_S 
1.92504E+11,Country_of_Origin_GLO_S 
1.92504E+11,Tax_Code_USA_S 
1.92504E+11,Amazon_ASIN_GLO_M 
1.92504E+11,Amazon_Verified_Earliest_Ship_Date_GLO_A 
1.92504E+11,AMZ Earliest Ship Date USA M 
1.92504E+11,AMZ Item Booking Date USA M 
1.92504E+11,Magento_SKU_GLO_A 
1.92504E+11,Magento_Price_USA_A 
1.92504E+11,Magento_Price_USA_A 
1.92504E+11,Magento_Product_Name_USA_A 
1.92504E+11,Magento_Product_Name_USA_A 
1.92504E+11,Magento_Quantity_USA_A 
1.92504E+11,Magento_Quantity_USA_A 
1.92504E+11,salsify:parent_id
1.92504E+11,salsify:data_inheritance_hierarchy_level_id
1.92504E+11,Grid_Value_USA_S 
1.92504E+11,Material_Num_USA_S 
1.92504E+11,UPC_GLO_S 
1.92504E+11,Product_Region_GLO_S 
1.92504E+11,Fiber_Type_GLO_S 
1.92504E+11,Material_Desc_USA_S 
1.92504E+11,Size_Code_USA_S 
1.92504E+11,Size_Desc_GLO_S 
1.92504E+11,Country_of_Origin_GLO_S 
1.92504E+11,Tax_Code_USA_S 
1.92504E+11,Amazon_ASIN_GLO_M 
1.92504E+11,Amazon_Verified_Earliest_Ship_Date_GLO_A 
1.92504E+11,AMZ Earliest Ship Date USA M 
1.92504E+11,AMZ Item Booking Date USA M 
1.92504E+11,Magento_SKU_GLO_A 
1.92504E+11,Magento_Price_USA_A 
1.92504E+11,Magento_Price_USA_A 
1.92504E+11,Magento_Product_Name_USA_A 
1.92504E+11,Magento_Product_Name_USA_A 
1.92504E+11,Magento_Quantity_USA_A 
1.92504E+11,Magento_Quantity_USA_A 
1.92504E+11,salsify:parent_id
1.92504E+11,salsify:data_inheritance_hierarchy_level_id
1.92504E+11,Grid_Value_USA_S 
1.92504E+11,Material_Num_USA_S 
1.92504E+11,UPC_GLO_S 
1.92504E+11,Product_Region_GLO_S 
1.92504E+11,Fiber_Type_GLO_S 
1.92504E+11,Material_Desc_USA_S 
1.92504E+11,Size_Code_USA_S 
1.92504E+11,Size_Desc_GLO_S 
1.92504E+11,Country_of_Origin_GLO_S 
1.92504E+11,Tax_Code_USA_S 
1.92504E+11,Amazon_ASIN_GLO_M 
1.92504E+11,Amazon_Verified_Earliest_Ship_Date_GLO_A 
1.92504E+11,AMZ Earliest Ship Date USA M 
1.92504E+11,AMZ Item Booking Date USA M 
1.92504E+11,Magento_SKU_GLO_A 
1.92504E+11,Magento_Price_USA_A 
1.92504E+11,Magento_Price_USA_A 
1.92504E+11,Magento_Product_Name_USA_A 
1.92504E+11,Magento_Product_Name_USA_A 
1.92504E+11,Magento_Quantity_USA_A 
1.92504E+11,Magento_Quantity_USA_A 
1.92504E+11,salsify:parent_id
1.92504E+11,salsify:data_inheritance_hierarchy_level_id
1.92504E+11,Grid_Value_USA_S 
1.92504E+11,Material_Num_USA_S 
1.92504E+11,UPC_GLO_S 
1.92504E+11,Product_Region_GLO_S 
1.92504E+11,Fiber_Type_GLO_S 
1.92504E+11,Material_Desc_USA_S 
1.92504E+11,Size_Code_USA_S 
1.92504E+11,Size_Desc_GLO_S 
1.92504E+11,Country_of_Origin_GLO_S 
1.92504E+11,Tax_Code_USA_S 
1.92504E+11,Amazon_ASIN_GLO_M 
1.92504E+11,Amazon_Verified_Earliest_Ship_Date_GLO_A 
1.92504E+11,AMZ Earliest Ship Date USA M 
1.92504E+11,AMZ Item Booking Date USA M 
1.92504E+11,Magento_SKU_GLO_A 
1.92504E+11,Magento_Price_USA_A 
1.92504E+11,Magento_Price_USA_A 
1.92504E+11,Magento_Product_Name_USA_A 
1.92504E+11,Magento_Product_Name_USA_A 
1.92504E+11,Magento_Quantity_USA_A 
1.92504E+11,Magento_Quantity_USA_A 
1.92504E+11,salsify:parent_id
1.92504E+11,salsify:data_inheritance_hierarchy_level_id
1.92504E+11,Grid_Value_USA_S 
1.92504E+11,Material_Num_USA_S 
1.92504E+11,UPC_GLO_S 
1.92504E+11,Product_Region_GLO_S 
1.92504E+11,Fiber_Type_GLO_S 
1.92504E+11,Material_Desc_USA_S 
1.92504E+11,Size_Code_USA_S 
1.92504E+11,Size_Desc_GLO_S 
1.92504E+11,Country_of_Origin_GLO_S 
1.92504E+11,Tax_Code_USA_S 
1.92504E+11,Amazon_ASIN_GLO_M 
1.92504E+11,Amazon_Verified_Earliest_Ship_Date_GLO_A 
1.92504E+11,AMZ Earliest Ship Date USA M 
1.92504E+11,AMZ Item Booking Date USA M 
1.92504E+11,Magento_SKU_GLO_A 
1.92504E+11,Magento_Price_USA_A 
1.92504E+11,Magento_Price_USA_A 
1.92504E+11,Magento_Product_Name_USA_A 
1.92504E+11,Magento_Product_Name_USA_A 
1.92504E+11,Magento_Quantity_USA_A 
1.92504E+11,Magento_Quantity_USA_A 
1.92504E+11,salsify:parent_id
1.92504E+11,salsify:data_inheritance_hierarchy_level_id
1.92504E+11,Grid_Value_USA_S 
1.92504E+11,Material_Num_USA_S 
1.92504E+11,UPC_GLO_S 
1.92504E+11,Product_Region_GLO_S 
1.92504E+11,Fiber_Type_GLO_S 
1.92504E+11,Material_Desc_USA_S 
1.92504E+11,Size_Code_USA_S 
1.92504E+11,Size_Desc_GLO_S 
1.92504E+11,Country_of_Origin_GLO_S 
1.92504E+11,Tax_Code_USA_S 
1.92504E+11,Amazon_ASIN_GLO_M 
1.92504E+11,Amazon_Verified_Earliest_Ship_Date_GLO_A 
1.92504E+11,AMZ Earliest Ship Date USA M 
1.92504E+11,AMZ Item Booking Date USA M 
1.92504E+11,Magento_SKU_GLO_A 
1.92504E+11,Magento_Price_USA_A 
1.92504E+11,Magento_Price_USA_A 
1.92504E+11,Magento_Product_Name_USA_A 
1.92504E+11,Magento_Product_Name_USA_A 
1.92504E+11,Magento_Quantity_USA_A 
1.92504E+11,Magento_Quantity_USA_A 
1.92504E+11,salsify:parent_id
1.92504E+11,salsify:data_inheritance_hierarchy_level_id
M20402_DEVSTY,Brand_GLO_S 
M20402_DEVSTY,Gender_GLO_S 
M20402_DEVSTY,Product_Region_GLO_S 
M20402_DEVSTY,Source_System_GLO_S 
M20402_DEVSTY,UOM_GLO_S 
M20402_DEVSTY,salsify:data_inheritance_hierarchy_level_id
M20402,Style_GLO_S 
M20402,Brand_Group_USA_S 
M20402,Category_USA_S 
M20402,Commission_Group_USA_S 
M20402,Gender_Category_USA_S 
M20402,Product_Group_USA_S 
M20402,Silhouette_USA_S 
M20402,Sub_Brand_USA_S 
M20402,Sub_Category_USA_S 
M20402,Attribute_Code_USA_S 
M20402,Magento_Product_Name_USA_A 
M20402,Magento_Product_Name_USA_A 
M20402,salsify:parent_id
M20402,salsify:data_inheritance_hierarchy_level_id
M20402_AGQD,NRF_Color_Code_USA_S 
M20402_AGQD,Color_Code_GLO_S 
M20402_AGQD,Color_Desc_GLO_S 
M20402_AGQD,Magento_SKU_GLO_A 
M20402_AGQD,salsify:parent_id
M20402_AGQD,salsify:data_inheritance_hierarchy_level_id
8.89835E+11,Grid_Value_USA_S 
8.89835E+11,Material_Num_USA_S 
8.89835E+11,UPC_GLO_S 
8.89835E+11,Fiber_Type_GLO_S 
8.89835E+11,Material_Desc_USA_S 
8.89835E+11,NRF_Size_Code_USA_S 
8.89835E+11,Compact_Size_Desc_GLO_S 
8.89835E+11,Size_Code_USA_S 
8.89835E+11,Size_Desc_GLO_S 
8.89835E+11,Case_Qty_USA_S 
8.89835E+11,Country_of_Origin_Code_GLO_S 
8.89835E+11,Country_of_Origin_GLO_S 
8.89835E+11,Tax_Code_USA_S 
8.89835E+11,Magento_SKU_GLO_A 
8.89835E+11,Magento_Price_USA_A 
8.89835E+11,Magento_Price_USA_A 
8.89835E+11,Magento_Product_Name_USA_A 
8.89835E+11,Magento_Product_Name_USA_A 
8.89835E+11,Magento_Quantity_USA_A 
8.89835E+11,Magento_Quantity_USA_A 
8.89835E+11,salsify:parent_id
8.89835E+11,salsify:data_inheritance_hierarchy_level_id
8.89835E+11,Grid_Value_USA_S 
8.89835E+11,Material_Num_USA_S 
8.89835E+11,UPC_GLO_S 
8.89835E+11,Fiber_Type_GLO_S 
8.89835E+11,Material_Desc_USA_S 
8.89835E+11,NRF_Size_Code_USA_S 
8.89835E+11,Compact_Size_Desc_GLO_S 
8.89835E+11,Size_Code_USA_S 
8.89835E+11,Size_Desc_GLO_S 
8.89835E+11,Case_Qty_USA_S 
8.89835E+11,Country_of_Origin_Code_GLO_S 
8.89835E+11,Country_of_Origin_GLO_S 
8.89835E+11,Tax_Code_USA_S 
8.89835E+11,Magento_SKU_GLO_A 
8.89835E+11,Magento_Price_USA_A 
8.89835E+11,Magento_Price_USA_A 
8.89835E+11,Magento_Product_Name_USA_A 
8.89835E+11,Magento_Product_Name_USA_A 
8.89835E+11,Magento_Quantity_USA_A 
8.89835E+11,Magento_Quantity_USA_A 
8.89835E+11,salsify:parent_id
8.89835E+11,salsify:data_inheritance_hierarchy_level_id
8.89835E+11,Grid_Value_USA_S 
8.89835E+11,Material_Num_USA_S 
8.89835E+11,UPC_GLO_S 
8.89835E+11,Fiber_Type_GLO_S 
8.89835E+11,Material_Desc_USA_S 
8.89835E+11,NRF_Size_Code_USA_S 
8.89835E+11,Compact_Size_Desc_GLO_S 
8.89835E+11,Size_Code_USA_S 
8.89835E+11,Size_Desc_GLO_S 
8.89835E+11,Case_Qty_USA_S 
8.89835E+11,Country_of_Origin_Code_GLO_S 
8.89835E+11,Country_of_Origin_GLO_S 
8.89835E+11,Tax_Code_USA_S 
8.89835E+11,Magento_SKU_GLO_A 
8.89835E+11,Magento_Price_USA_A 
8.89835E+11,Magento_Price_USA_A 
8.89835E+11,Magento_Product_Name_USA_A 
8.89835E+11,Magento_Product_Name_USA_A 
8.89835E+11,Magento_Quantity_USA_A 
8.89835E+11,Magento_Quantity_USA_A 
8.89835E+11,salsify:parent_id
8.89835E+11,salsify:data_inheritance_hierarchy_level_id
8.89835E+11,Grid_Value_USA_S 
8.89835E+11,Material_Num_USA_S 
8.89835E+11,UPC_GLO_S 
8.89835E+11,Fiber_Type_GLO_S 
8.89835E+11,Material_Desc_USA_S 
8.89835E+11,NRF_Size_Code_USA_S 
8.89835E+11,Compact_Size_Desc_GLO_S 
8.89835E+11,Size_Code_USA_S 
8.89835E+11,Size_Desc_GLO_S 
8.89835E+11,Case_Qty_USA_S 
8.89835E+11,Country_of_Origin_Code_GLO_S 
8.89835E+11,Country_of_Origin_GLO_S 
8.89835E+11,Tax_Code_USA_S 
8.89835E+11,Magento_SKU_GLO_A 
8.89835E+11,Magento_Price_USA_A 
8.89835E+11,Magento_Price_USA_A 
8.89835E+11,Magento_Product_Name_USA_A 
8.89835E+11,Magento_Product_Name_USA_A 
8.89835E+11,Magento_Quantity_USA_A 
8.89835E+11,Magento_Quantity_USA_A 
8.89835E+11,salsify:parent_id
8.89835E+11,salsify:data_inheritance_hierarchy_level_id
8.89835E+11,Grid_Value_USA_S 
8.89835E+11,Material_Num_USA_S 
8.89835E+11,UPC_GLO_S 
8.89835E+11,Fiber_Type_GLO_S 
8.89835E+11,Material_Desc_USA_S 
8.89835E+11,NRF_Size_Code_USA_S 
8.89835E+11,Compact_Size_Desc_GLO_S 
8.89835E+11,Size_Code_USA_S 
8.89835E+11,Size_Desc_GLO_S 
8.89835E+11,Case_Qty_USA_S 
8.89835E+11,Country_of_Origin_Code_GLO_S 
8.89835E+11,Country_of_Origin_GLO_S 
8.89835E+11,Tax_Code_USA_S 
8.89835E+11,Magento_SKU_GLO_A 
8.89835E+11,Magento_Price_USA_A 
8.89835E+11,Magento_Price_USA_A 
8.89835E+11,Magento_Product_Name_USA_A 
8.89835E+11,Magento_Product_Name_USA_A 
8.89835E+11,Magento_Quantity_USA_A 
8.89835E+11,Magento_Quantity_USA_A 
8.89835E+11,salsify:parent_id
8.89835E+11,salsify:data_inheritance_hierarchy_level_id
GT78H_Y08160_DEVSTY,Brand_GLO_S 
GT78H_Y08160_DEVSTY,Gender_GLO_S 
GT78H_Y08160_DEVSTY,Product_Region_GLO_S 
GT78H_Y08160_DEVSTY,Source_System_GLO_S 
GT78H_Y08160_DEVSTY,UOM_GLO_S 
GT78H_Y08160_DEVSTY,salsify:data_inheritance_hierarchy_level_id
GT78H_Y08160,Product_Title_GLO_S 
GT78H_Y08160,Style_GLO_S 
GT78H_Y08160,Brand_Group_USA_S 
GT78H_Y08160,Category_USA_S 
GT78H_Y08160,Commission_Group_USA_S 
GT78H_Y08160,Gender_Category_USA_S 
GT78H_Y08160,Product_Group_USA_S 
GT78H_Y08160,Silhouette_USA_S 
GT78H_Y08160,Sub_Brand_USA_S 
GT78H_Y08160,Sub_Category_USA_S 
GT78H_Y08160,Attribute_Code_USA_S 
GT78H_Y08160,Care_Instructions_GLO_M 
GT78H_Y08160,Legal Status
GT78H_Y08160,Optimized_Product_Title_GLO_M 
GT78H_Y08160,Optimized_Product_Desc_GLO_M 
GT78H_Y08160,Optimized_Mkt_Bullet_1_GLO_M 
GT78H_Y08160,Optimized_Mkt_Bullet_2_GLO_M 
GT78H_Y08160,Optimized_Mkt_Bullet_3_GLO_M 
GT78H_Y08160,Optimized_Mkt_Bullet_4_GLO_M 
GT78H_Y08160,Optimized_Mkt_Bullet_5_GLO_M 
GT78H_Y08160,Optimized_Mkt_Bullet_6_GLO_M 
GT78H_Y08160,Optimized_Keywords_GLO_M 
GT78H_Y08160,Amazon_Keywords_USA_M 
GT78H_Y08160,Mkt_Bullet_1_GLO_M 
GT78H_Y08160,Mkt_Bullet_2_GLO_M 
GT78H_Y08160,Mkt_Bullet_3_GLO_M 
GT78H_Y08160,Mkt_Bullet_4_GLO_M 
GT78H_Y08160,Mkt_Bullet_5_GLO_M 
GT78H_Y08160,Mkt_Bullet_6_GLO_M 
GT78H_Y08160,Mkt_Bullet_7_GLO_M 
GT78H_Y08160,Magento_Product_Name_USA_A 
GT78H_Y08160,Magento_Product_Name_USA_A 
GT78H_Y08160,salsify:parent_id
GT78H_Y08160,salsify:data_inheritance_hierarchy_level_id
GT78H_Y08160_045,NRF_Color_Code_USA_S 
GT78H_Y08160_045,Color_Code_GLO_S 
GT78H_Y08160_045,Color_Desc_GLO_S 
GT78H_Y08160_045,Launch_Season_By_Retailer_USA_A.1
GT78H_Y08160_045,Seasons_By_Retailer_USA_M.1
GT78H_Y08160_045,Magento_SKU_GLO_A 
GT78H_Y08160_045,salsify:parent_id
GT78H_Y08160_045,salsify:data_inheritance_hierarchy_level_id
1.94165E+11,Grid_Value_USA_S 
1.94165E+11,Material_Num_USA_S 
1.94165E+11,UPC_GLO_S 
1.94165E+11,Fiber_Type_GLO_S 
1.94165E+11,Material_Desc_USA_S 
1.94165E+11,NRF_Size_Code_USA_S 
1.94165E+11,Compact_Size_Desc_GLO_S 
1.94165E+11,Size_Code_USA_S 
1.94165E+11,Size_Desc_GLO_S 
1.94165E+11,Case_Qty_USA_S 
1.94165E+11,Country_of_Origin_Code_GLO_S 
1.94165E+11,Country_of_Origin_GLO_S 
1.94165E+11,Tax_Code_USA_S 
1.94165E+11,Amazon_ASIN_GLO_M 
1.94165E+11,Amazon_Verified_Earliest_Ship_Date_GLO_A 
1.94165E+11,AMZ Earliest Ship Date USA M 
1.94165E+11,AMZ Item Booking Date USA M 
1.94165E+11,Launch_Season_By_Retailer_USA_A.1
1.94165E+11,Magento_SKU_GLO_A 
1.94165E+11,Magento_Price_USA_A 
1.94165E+11,Magento_Price_USA_A 
1.94165E+11,Magento_Product_Name_USA_A 
1.94165E+11,Magento_Product_Name_USA_A 
1.94165E+11,Magento_Quantity_USA_A 
1.94165E+11,Magento_Quantity_USA_A 
1.94165E+11,salsify:parent_id
1.94165E+11,salsify:data_inheritance_hierarchy_level_id
1.94165E+11,Grid_Value_USA_S 
1.94165E+11,Material_Num_USA_S 
1.94165E+11,UPC_GLO_S 
1.94165E+11,Fiber_Type_GLO_S 
1.94165E+11,Material_Desc_USA_S 
1.94165E+11,NRF_Size_Code_USA_S 
1.94165E+11,Compact_Size_Desc_GLO_S 
1.94165E+11,Size_Code_USA_S 
1.94165E+11,Size_Desc_GLO_S 
1.94165E+11,Case_Qty_USA_S 
1.94165E+11,Country_of_Origin_Code_GLO_S 
1.94165E+11,Country_of_Origin_GLO_S 
1.94165E+11,Tax_Code_USA_S 
1.94165E+11,Amazon_ASIN_GLO_M 
1.94165E+11,Amazon_Verified_Earliest_Ship_Date_GLO_A 
1.94165E+11,AMZ Earliest Ship Date USA M 
1.94165E+11,AMZ Item Booking Date USA M 
1.94165E+11,Launch_Season_By_Retailer_USA_A.1
1.94165E+11,Magento_SKU_GLO_A 
1.94165E+11,Magento_Price_USA_A 
1.94165E+11,Magento_Price_USA_A 
1.94165E+11,Magento_Product_Name_USA_A 
1.94165E+11,Magento_Product_Name_USA_A 
1.94165E+11,Magento_Quantity_USA_A 
1.94165E+11,Magento_Quantity_USA_A 
1.94165E+11,salsify:parent_id
1.94165E+11,salsify:data_inheritance_hierarchy_level_id
1.94165E+11,Grid_Value_USA_S 
1.94165E+11,Material_Num_USA_S 
1.94165E+11,UPC_GLO_S 
1.94165E+11,Fiber_Type_GLO_S 
1.94165E+11,Material_Desc_USA_S 
1.94165E+11,NRF_Size_Code_USA_S 
1.94165E+11,Compact_Size_Desc_GLO_S 
1.94165E+11,Size_Code_USA_S 
1.94165E+11,Size_Desc_GLO_S 
1.94165E+11,Case_Qty_USA_S 
1.94165E+11,Country_of_Origin_Code_GLO_S 
1.94165E+11,Country_of_Origin_GLO_S 
1.94165E+11,Tax_Code_USA_S 
1.94165E+11,Amazon_ASIN_GLO_M 
1.94165E+11,Amazon_Verified_Earliest_Ship_Date_GLO_A 
1.94165E+11,AMZ Earliest Ship Date USA M 
1.94165E+11,AMZ Item Booking Date USA M 
1.94165E+11,Launch_Season_By_Retailer_USA_A.1
1.94165E+11,Magento_SKU_GLO_A 
1.94165E+11,Magento_Price_USA_A 
1.94165E+11,Magento_Price_USA_A 
1.94165E+11,Magento_Product_Name_USA_A 
1.94165E+11,Magento_Product_Name_USA_A 
1.94165E+11,Magento_Quantity_USA_A 
1.94165E+11,Magento_Quantity_USA_A 
1.94165E+11,salsify:parent_id
1.94165E+11,salsify:data_inheritance_hierarchy_level_id
1.94165E+11,Grid_Value_USA_S 
1.94165E+11,Material_Num_USA_S 
1.94165E+11,UPC_GLO_S 
1.94165E+11,Fiber_Type_GLO_S 
1.94165E+11,Material_Desc_USA_S 
1.94165E+11,NRF_Size_Code_USA_S 
1.94165E+11,Compact_Size_Desc_GLO_S 
1.94165E+11,Size_Code_USA_S 
1.94165E+11,Size_Desc_GLO_S 
1.94165E+11,Case_Qty_USA_S 
1.94165E+11,Country_of_Origin_Code_GLO_S 
1.94165E+11,Country_of_Origin_GLO_S 
1.94165E+11,Tax_Code_USA_S 
1.94165E+11,Amazon_ASIN_GLO_M 
1.94165E+11,Amazon_Verified_Earliest_Ship_Date_GLO_A 
1.94165E+11,AMZ Earliest Ship Date USA M 
1.94165E+11,AMZ Item Booking Date USA M 
1.94165E+11,Launch_Season_By_Retailer_USA_A.1
1.94165E+11,Magento_SKU_GLO_A 
1.94165E+11,Magento_Price_USA_A 
1.94165E+11,Magento_Price_USA_A 
1.94165E+11,Magento_Product_Name_USA_A 
1.94165E+11,Magento_Product_Name_USA_A 
1.94165E+11,Magento_Quantity_USA_A 
1.94165E+11,Magento_Quantity_USA_A 
1.94165E+11,salsify:parent_id
1.94165E+11,salsify:data_inheritance_hierarchy_level_id
1.94165E+11,Grid_Value_USA_S 
1.94165E+11,Material_Num_USA_S 
1.94165E+11,UPC_GLO_S 
1.94165E+11,Fiber_Type_GLO_S 
1.94165E+11,Material_Desc_USA_S 
1.94165E+11,NRF_Size_Code_USA_S 
1.94165E+11,Compact_Size_Desc_GLO_S 
1.94165E+11,Size_Code_USA_S 
1.94165E+11,Size_Desc_GLO_S 
1.94165E+11,Case_Qty_USA_S 
1.94165E+11,Country_of_Origin_Code_GLO_S 
1.94165E+11,Country_of_Origin_GLO_S 
1.94165E+11,Tax_Code_USA_S 
1.94165E+11,Amazon_ASIN_GLO_M 
1.94165E+11,Amazon_Verified_Earliest_Ship_Date_GLO_A 
1.94165E+11,AMZ Earliest Ship Date USA M 
1.94165E+11,AMZ Item Booking Date USA M 
1.94165E+11,Launch_Season_By_Retailer_USA_A.1
1.94165E+11,Magento_SKU_GLO_A 
1.94165E+11,Magento_Price_USA_A 
1.94165E+11,Magento_Price_USA_A 
1.94165E+11,Magento_Product_Name_USA_A 
1.94165E+11,Magento_Product_Name_USA_A 
1.94165E+11,Magento_Quantity_USA_A 
1.94165E+11,Magento_Quantity_USA_A 
1.94165E+11,salsify:parent_id
1.94165E+11,salsify:data_inheritance_hierarchy_level_id
GJ43_Y02973_DEVSTY,Brand_GLO_S 
GJ43_Y02973_DEVSTY,Gender_GLO_S 
GJ43_Y02973_DEVSTY,Product_Region_GLO_S 
GJ43_Y02973_DEVSTY,Source_System_GLO_S 
GJ43_Y02973_DEVSTY,UOM_GLO_S 
GJ43_Y02973_DEVSTY,salsify:data_inheritance_hierarchy_level_id
GJ43_Y02973,Style_GLO_S 
GJ43_Y02973,Brand_Group_USA_S 
GJ43_Y02973,Category_USA_S 
GJ43_Y02973,Commission_Group_USA_S 
GJ43_Y02973,Gender_Category_USA_S 
GJ43_Y02973,Product_Group_USA_S 
GJ43_Y02973,Silhouette_USA_S 
GJ43_Y02973,Sub_Brand_USA_S 
GJ43_Y02973,Sub_Category_USA_S 
GJ43_Y02973,Attribute_Code_USA_S 
GJ43_Y02973,Magento_Product_Name_USA_A 
GJ43_Y02973,Magento_Product_Name_USA_A 
GJ43_Y02973,salsify:parent_id
GJ43_Y02973,salsify:data_inheritance_hierarchy_level_id
GJ43_Y02973_EIC,NRF_Color_Code_USA_S 
GJ43_Y02973_EIC,Color_Code_GLO_S 
GJ43_Y02973_EIC,Color_Desc_GLO_S 
GJ43_Y02973_EIC,Magento_SKU_GLO_A 
GJ43_Y02973_EIC,salsify:parent_id
GJ43_Y02973_EIC,salsify:data_inheritance_hierarchy_level_id
011919845682,Grid_Value_USA_S 
011919845682,Material_Num_USA_S 
011919845682,UPC_GLO_S 
011919845682,Fiber_Type_GLO_S 
011919845682,Material_Desc_USA_S 
011919845682,NRF_Size_Code_USA_S 
011919845682,Compact_Size_Desc_GLO_S 
011919845682,Size_Code_USA_S 
011919845682,Size_Desc_GLO_S 
011919845682,Case_Qty_USA_S 
011919845682,Country_of_Origin_Code_GLO_S 
011919845682,Country_of_Origin_GLO_S 
011919845682,Tax_Code_USA_S 
011919845682,Magento_SKU_GLO_A 
011919845682,Magento_Price_USA_A 
011919845682,Magento_Price_USA_A 
011919845682,Magento_Product_Name_USA_A 
011919845682,Magento_Product_Name_USA_A 
011919845682,Magento_Quantity_USA_A 
011919845682,Magento_Quantity_USA_A 
011919845682,salsify:parent_id
011919845682,salsify:data_inheritance_hierarchy_level_id
011919845699,Grid_Value_USA_S 
011919845699,Material_Num_USA_S 
011919845699,UPC_GLO_S 
011919845699,Fiber_Type_GLO_S 
011919845699,Material_Desc_USA_S 
011919845699,NRF_Size_Code_USA_S 
011919845699,Compact_Size_Desc_GLO_S 
011919845699,Size_Code_USA_S 
011919845699,Size_Desc_GLO_S 
011919845699,Case_Qty_USA_S 
011919845699,Country_of_Origin_Code_GLO_S 
011919845699,Country_of_Origin_GLO_S 
011919845699,Tax_Code_USA_S 
011919845699,Magento_SKU_GLO_A 
011919845699,Magento_Price_USA_A 
011919845699,Magento_Price_USA_A 
011919845699,Magento_Product_Name_USA_A 
011919845699,Magento_Product_Name_USA_A 
011919845699,Magento_Quantity_USA_A 
011919845699,Magento_Quantity_USA_A 
011919845699,salsify:parent_id
011919845699,salsify:data_inheritance_hierarchy_level_id
011919847907,Grid_Value_USA_S 
011919847907,Material_Num_USA_S 
011919847907,UPC_GLO_S 
011919847907,Fiber_Type_GLO_S 
011919847907,Material_Desc_USA_S 
011919847907,NRF_Size_Code_USA_S 
011919847907,Compact_Size_Desc_GLO_S 
011919847907,Size_Code_USA_S 
011919847907,Size_Desc_GLO_S 
011919847907,Case_Qty_USA_S 
011919847907,Country_of_Origin_Code_GLO_S 
011919847907,Country_of_Origin_GLO_S 
011919847907,Tax_Code_USA_S 
011919847907,Magento_SKU_GLO_A 
011919847907,Magento_Price_USA_A 
011919847907,Magento_Price_USA_A 
011919847907,Magento_Product_Name_USA_A 
011919847907,Magento_Product_Name_USA_A 
011919847907,Magento_Quantity_USA_A 
011919847907,Magento_Quantity_USA_A 
011919847907,salsify:parent_id
011919847907,salsify:data_inheritance_hierarchy_level_id
011919847921,Grid_Value_USA_S 
011919847921,Material_Num_USA_S 
011919847921,UPC_GLO_S 
011919847921,Fiber_Type_GLO_S 
011919847921,Material_Desc_USA_S 
011919847921,NRF_Size_Code_USA_S 
011919847921,Compact_Size_Desc_GLO_S 
011919847921,Size_Code_USA_S 
011919847921,Size_Desc_GLO_S 
011919847921,Case_Qty_USA_S 
011919847921,Country_of_Origin_Code_GLO_S 
011919847921,Country_of_Origin_GLO_S 
011919847921,Tax_Code_USA_S 
011919847921,Magento_SKU_GLO_A 
011919847921,Magento_Price_USA_A 
011919847921,Magento_Price_USA_A 
011919847921,Magento_Product_Name_USA_A 
011919847921,Magento_Product_Name_USA_A 
011919847921,Magento_Quantity_USA_A 
011919847921,Magento_Quantity_USA_A 
011919847921,salsify:parent_id
011919847921,salsify:data_inheritance_hierarchy_level_id
011919847914,Grid_Value_USA_S 
011919847914,Material_Num_USA_S 
011919847914,UPC_GLO_S 
011919847914,Fiber_Type_GLO_S 
011919847914,Material_Desc_USA_S 
011919847914,NRF_Size_Code_USA_S 
011919847914,Compact_Size_Desc_GLO_S 
011919847914,Size_Code_USA_S 
011919847914,Size_Desc_GLO_S 
011919847914,Case_Qty_USA_S 
011919847914,Country_of_Origin_Code_GLO_S 
011919847914,Country_of_Origin_GLO_S 
011919847914,Tax_Code_USA_S 
011919847914,Magento_SKU_GLO_A 
011919847914,Magento_Price_USA_A 
011919847914,Magento_Price_USA_A 
011919847914,Magento_Product_Name_USA_A 
011919847914,Magento_Product_Name_USA_A 
011919847914,Magento_Quantity_USA_A 
011919847914,Magento_Quantity_USA_A 
011919847914,salsify:parent_id
011919847914,salsify:data_inheritance_hierarchy_level_id
45UVBB_DEVSTY,Brand_GLO_S 
45UVBB_DEVSTY,Gender_GLO_S 
45UVBB_DEVSTY,Product_Region_GLO_S 
45UVBB_DEVSTY,Source_System_GLO_S 
45UVBB_DEVSTY,UOM_GLO_S 
45UVBB_DEVSTY,salsify:data_inheritance_hierarchy_level_id
45UVBB,Style_GLO_S 
45UVBB,Brand_Group_USA_S 
45UVBB,Category_USA_S 
45UVBB,Commission_Group_USA_S 
45UVBB,Gender_Category_USA_S 
45UVBB,Product_Group_USA_S 
45UVBB,Silhouette_USA_S 
45UVBB,Sub_Brand_USA_S 
45UVBB,Sub_Category_USA_S 
45UVBB,Attribute_Code_USA_S 
45UVBB,Care_Instructions_GLO_M 
45UVBB,Legal Status
45UVBB,Optimized_Product_Title_GLO_M 
45UVBB,Optimized_Product_Desc_GLO_M 
45UVBB,Optimized_Mkt_Bullet_1_GLO_M 
45UVBB,Optimized_Mkt_Bullet_2_GLO_M 
45UVBB,Optimized_Mkt_Bullet_3_GLO_M 
45UVBB,Optimized_Mkt_Bullet_4_GLO_M 
45UVBB,Optimized_Mkt_Bullet_5_GLO_M 
45UVBB,Optimized_Mkt_Bullet_6_GLO_M 
45UVBB,Optimized_Mkt_Bullet_7_GLO_M 
45UVBB,Optimized_Mkt_Bullet_8_GLO_M 
45UVBB,Optimized_Keywords_GLO_M 
45UVBB,Amazon_Keywords_USA_M 
45UVBB,Mkt_Bullet_1_GLO_M 
45UVBB,Mkt_Bullet_2_GLO_M 
45UVBB,Mkt_Bullet_3_GLO_M 
45UVBB,Mkt_Bullet_4_GLO_M 
45UVBB,Mkt_Bullet_5_GLO_M 
45UVBB,Mkt_Bullet_6_GLO_M 
45UVBB,Mkt_Bullet_7_GLO_M 
45UVBB,Product_Desc_GLO_M 
45UVBB,Lifecycle_Duration_USA_M 
45UVBB,Magento_Product_Name_USA_A 
45UVBB,Magento_Product_Name_USA_A 
45UVBB,salsify:parent_id
45UVBB,salsify:data_inheritance_hierarchy_level_id
45UVBB_AIVO,NRF_Color_Code_USA_S 
45UVBB_AIVO,Color_Code_GLO_S 
45UVBB_AIVO,Color_Desc_GLO_S 
45UVBB_AIVO,Magento_SKU_GLO_A 
45UVBB_AIVO,salsify:parent_id
45UVBB_AIVO,salsify:data_inheritance_hierarchy_level_id
1.96062E+11,Grid_Value_USA_S 
1.96062E+11,Material_Num_USA_S 
1.96062E+11,UPC_GLO_S 
1.96062E+11,Fiber_Type_GLO_S 
1.96062E+11,Material_Desc_USA_S 
1.96062E+11,NRF_Size_Code_USA_S 
1.96062E+11,Size_Code_USA_S 
1.96062E+11,Size_Desc_GLO_S 
1.96062E+11,Case_Qty_USA_S 
1.96062E+11,Country_of_Origin_GLO_S 
1.96062E+11,Tax_Code_USA_S 
1.96062E+11,Magento_SKU_GLO_A 
1.96062E+11,Magento_Price_USA_A 
1.96062E+11,Magento_Price_USA_A 
1.96062E+11,Magento_Product_Name_USA_A 
1.96062E+11,Magento_Product_Name_USA_A 
1.96062E+11,Magento_Quantity_USA_A 
1.96062E+11,Magento_Quantity_USA_A 
1.96062E+11,salsify:parent_id
1.96062E+11,salsify:data_inheritance_hierarchy_level_id
1.96062E+11,Grid_Value_USA_S 
1.96062E+11,Material_Num_USA_S 
1.96062E+11,UPC_GLO_S 
1.96062E+11,Fiber_Type_GLO_S 
1.96062E+11,Material_Desc_USA_S 
1.96062E+11,NRF_Size_Code_USA_S 
1.96062E+11,Size_Code_USA_S 
1.96062E+11,Size_Desc_GLO_S 
1.96062E+11,Case_Qty_USA_S 
1.96062E+11,Country_of_Origin_GLO_S 
1.96062E+11,Tax_Code_USA_S 
1.96062E+11,Magento_SKU_GLO_A 
1.96062E+11,Magento_Price_USA_A 
1.96062E+11,Magento_Price_USA_A 
1.96062E+11,Magento_Product_Name_USA_A 
1.96062E+11,Magento_Product_Name_USA_A 
1.96062E+11,Magento_Quantity_USA_A 
1.96062E+11,Magento_Quantity_USA_A 
1.96062E+11,salsify:parent_id
1.96062E+11,salsify:data_inheritance_hierarchy_level_id
1.96062E+11,Grid_Value_USA_S 
1.96062E+11,Material_Num_USA_S 
1.96062E+11,UPC_GLO_S 
1.96062E+11,Fiber_Type_GLO_S 
1.96062E+11,Material_Desc_USA_S 
1.96062E+11,NRF_Size_Code_USA_S 
1.96062E+11,Compact_Size_Desc_GLO_S 
1.96062E+11,Size_Code_USA_S 
1.96062E+11,Size_Desc_GLO_S 
1.96062E+11,Case_Qty_USA_S 
1.96062E+11,Country_of_Origin_GLO_S 
1.96062E+11,Tax_Code_USA_S 
1.96062E+11,Magento_SKU_GLO_A 
1.96062E+11,Magento_Price_USA_A 
1.96062E+11,Magento_Price_USA_A 
1.96062E+11,Magento_Product_Name_USA_A 
1.96062E+11,Magento_Product_Name_USA_A 
1.96062E+11,Magento_Quantity_USA_A 
1.96062E+11,Magento_Quantity_USA_A 
1.96062E+11,salsify:parent_id
1.96062E+11,salsify:data_inheritance_hierarchy_level_id
1.96062E+11,Grid_Value_USA_S 
1.96062E+11,Material_Num_USA_S 
1.96062E+11,UPC_GLO_S 
1.96062E+11,Fiber_Type_GLO_S 
1.96062E+11,Material_Desc_USA_S 
1.96062E+11,NRF_Size_Code_USA_S 
1.96062E+11,Size_Code_USA_S 
1.96062E+11,Size_Desc_GLO_S 
1.96062E+11,Case_Qty_USA_S 
1.96062E+11,Country_of_Origin_GLO_S 
1.96062E+11,Tax_Code_USA_S 
1.96062E+11,Magento_SKU_GLO_A 
1.96062E+11,Magento_Price_USA_A 
1.96062E+11,Magento_Price_USA_A 
1.96062E+11,Magento_Product_Name_USA_A 
1.96062E+11,Magento_Product_Name_USA_A 
1.96062E+11,Magento_Quantity_USA_A 
1.96062E+11,Magento_Quantity_USA_A 
1.96062E+11,salsify:parent_id
1.96062E+11,salsify:data_inheritance_hierarchy_level_id
1.96062E+11,Grid_Value_USA_S 
1.96062E+11,Material_Num_USA_S 
1.96062E+11,UPC_GLO_S 
1.96062E+11,Fiber_Type_GLO_S 
1.96062E+11,Material_Desc_USA_S 
1.96062E+11,NRF_Size_Code_USA_S 
1.96062E+11,Size_Code_USA_S 
1.96062E+11,Size_Desc_GLO_S 
1.96062E+11,Case_Qty_USA_S 
1.96062E+11,Country_of_Origin_GLO_S 
1.96062E+11,Tax_Code_USA_S 
1.96062E+11,Magento_SKU_GLO_A 
1.96062E+11,Magento_Price_USA_A 
1.96062E+11,Magento_Price_USA_A 
1.96062E+11,Magento_Product_Name_USA_A 
1.96062E+11,Magento_Product_Name_USA_A 
1.96062E+11,Magento_Quantity_USA_A 
1.96062E+11,Magento_Quantity_USA_A 
1.96062E+11,salsify:parent_id
1.96062E+11,salsify:data_inheritance_hierarchy_level_id
P551WH_DEVSTY,Brand_GLO_S 
P551WH_DEVSTY,Gender_GLO_S 
P551WH_DEVSTY,Product_Region_GLO_S 
P551WH_DEVSTY,Source_System_GLO_S 
P551WH_DEVSTY,UOM_GLO_S 
P551WH_DEVSTY,salsify:data_inheritance_hierarchy_level_id
P551WH,Style_GLO_S 
P551WH,Brand_Group_USA_S 
P551WH,Category_USA_S 
P551WH,Commission_Group_USA_S 
P551WH,Gender_Category_USA_S 
P551WH,Product_Group_USA_S 
P551WH,Silhouette_USA_S 
P551WH,Sub_Brand_USA_S 
P551WH,Sub_Category_USA_S 
P551WH,Attribute_Code_USA_S 
P551WH,Magento_Product_Name_USA_A 
P551WH,Magento_Product_Name_USA_A 
P551WH,salsify:parent_id
P551WH,salsify:data_inheritance_hierarchy_level_id
P551WH_00D,NRF_Color_Code_USA_S 
P551WH_00D,Color_Code_GLO_S 
P551WH_00D,Color_Desc_GLO_S 
P551WH_00D,Magento_SKU_GLO_A 
P551WH_00D,salsify:parent_id
P551WH_00D,salsify:data_inheritance_hierarchy_level_id
043935725242,Grid_Value_USA_S 
043935725242,Material_Num_USA_S 
043935725242,UPC_GLO_S 
043935725242,Fiber_Type_GLO_S 
043935725242,Material_Desc_USA_S 
043935725242,NRF_Size_Code_USA_S 
043935725242,Compact_Size_Desc_GLO_S 
043935725242,Size_Code_USA_S 
043935725242,Size_Desc_GLO_S 
043935725242,Case_Qty_USA_S 
043935725242,Country_of_Origin_Code_GLO_S 
043935725242,Country_of_Origin_GLO_S 
043935725242,Tax_Code_USA_S 
043935725242,Magento_SKU_GLO_A 
043935725242,Magento_Price_USA_A 
043935725242,Magento_Price_USA_A 
043935725242,Magento_Product_Name_USA_A 
043935725242,Magento_Product_Name_USA_A 
043935725242,Magento_Quantity_USA_A 
043935725242,Magento_Quantity_USA_A 
043935725242,salsify:parent_id
043935725242,salsify:data_inheritance_hierarchy_level_id
7850_DEVSTY,Brand_GLO_S 
7850_DEVSTY,Gender_GLO_S 
7850_DEVSTY,Product_Region_GLO_S 
7850_DEVSTY,Source_System_GLO_S 
7850_DEVSTY,UOM_GLO_S 
7850_DEVSTY,salsify:data_inheritance_hierarchy_level_id
7850,Style_GLO_S 
7850,Brand_Group_USA_S 
7850,Category_USA_S 
7850,Commission_Group_USA_S 
7850,Gender_Category_USA_S 
7850,Product_Group_USA_S 
7850,Silhouette_USA_S 
7850,Sub_Brand_USA_S 
7850,Sub_Category_USA_S 
7850,Attribute_Code_USA_S 
7850,Magento_Product_Name_USA_A 
7850,Magento_Product_Name_USA_A 
7850,salsify:parent_id
7850,salsify:data_inheritance_hierarchy_level_id
7850_PHM,NRF_Color_Code_USA_S 
7850_PHM,Color_Code_GLO_S 
7850_PHM,Color_Desc_GLO_S 
7850_PHM,Magento_SKU_GLO_A 
7850_PHM,salsify:parent_id
7850_PHM,salsify:data_inheritance_hierarchy_level_id
011919407989,Grid_Value_USA_S 
011919407989,Material_Num_USA_S 
011919407989,UPC_GLO_S 
011919407989,Fiber_Type_GLO_S 
011919407989,Material_Desc_USA_S 
011919407989,NRF_Size_Code_USA_S 
011919407989,Compact_Size_Desc_GLO_S 
011919407989,Size_Code_USA_S 
011919407989,Size_Desc_GLO_S 
011919407989,Case_Qty_USA_S 
011919407989,Country_of_Origin_Code_GLO_S 
011919407989,Country_of_Origin_GLO_S 
011919407989,Tax_Code_USA_S 
011919407989,Magento_SKU_GLO_A 
011919407989,Magento_Price_USA_A 
011919407989,Magento_Price_USA_A 
011919407989,Magento_Product_Name_USA_A 
011919407989,Magento_Product_Name_USA_A 
011919407989,Magento_Quantity_USA_A 
011919407989,Magento_Quantity_USA_A 
011919407989,salsify:parent_id
011919407989,salsify:data_inheritance_hierarchy_level_id
011919407972,Grid_Value_USA_S 
011919407972,Material_Num_USA_S 
011919407972,UPC_GLO_S 
011919407972,Fiber_Type_GLO_S 
011919407972,Material_Desc_USA_S 
011919407972,NRF_Size_Code_USA_S 
011919407972,Compact_Size_Desc_GLO_S 
011919407972,Size_Code_USA_S 
011919407972,Size_Desc_GLO_S 
011919407972,Case_Qty_USA_S 
011919407972,Country_of_Origin_Code_GLO_S 
011919407972,Country_of_Origin_GLO_S 
011919407972,Tax_Code_USA_S 
011919407972,Magento_SKU_GLO_A 
011919407972,Magento_Price_USA_A 
011919407972,Magento_Price_USA_A 
011919407972,Magento_Product_Name_USA_A 
011919407972,Magento_Product_Name_USA_A 
011919407972,Magento_Quantity_USA_A 
011919407972,Magento_Quantity_USA_A 
011919407972,salsify:parent_id
011919407972,salsify:data_inheritance_hierarchy_level_id
011919407965,Grid_Value_USA_S 
011919407965,Material_Num_USA_S 
011919407965,UPC_GLO_S 
011919407965,Fiber_Type_GLO_S 
011919407965,Material_Desc_USA_S 
011919407965,NRF_Size_Code_USA_S 
011919407965,Compact_Size_Desc_GLO_S 
011919407965,Size_Code_USA_S 
011919407965,Size_Desc_GLO_S 
011919407965,Case_Qty_USA_S 
011919407965,Country_of_Origin_Code_GLO_S 
011919407965,Country_of_Origin_GLO_S 
011919407965,Tax_Code_USA_S 
011919407965,Magento_SKU_GLO_A 
011919407965,Magento_Price_USA_A 
011919407965,Magento_Price_USA_A 
011919407965,Magento_Product_Name_USA_A 
011919407965,Magento_Product_Name_USA_A 
011919407965,Magento_Quantity_USA_A 
011919407965,Magento_Quantity_USA_A 
011919407965,salsify:parent_id
011919407965,salsify:data_inheritance_hierarchy_level_id
011919407996,Grid_Value_USA_S 
011919407996,Material_Num_USA_S 
011919407996,UPC_GLO_S 
011919407996,Fiber_Type_GLO_S 
011919407996,Material_Desc_USA_S 
011919407996,NRF_Size_Code_USA_S 
011919407996,Compact_Size_Desc_GLO_S 
011919407996,Size_Code_USA_S 
011919407996,Size_Desc_GLO_S 
011919407996,Case_Qty_USA_S 
011919407996,Country_of_Origin_Code_GLO_S 
011919407996,Country_of_Origin_GLO_S 
011919407996,Tax_Code_USA_S 
011919407996,Magento_SKU_GLO_A 
011919407996,Magento_Price_USA_A 
011919407996,Magento_Price_USA_A 
011919407996,Magento_Product_Name_USA_A 
011919407996,Magento_Product_Name_USA_A 
011919407996,Magento_Quantity_USA_A 
011919407996,Magento_Quantity_USA_A 
011919407996,salsify:parent_id
011919407996,salsify:data_inheritance_hierarchy_level_id
P4140_549418_DEVSTY,Brand_GLO_S 
P4140_549418_DEVSTY,Gender_GLO_S 
P4140_549418_DEVSTY,Product_Region_GLO_S 
P4140_549418_DEVSTY,Source_System_GLO_S 
P4140_549418_DEVSTY,UOM_GLO_S 
P4140_549418_DEVSTY,salsify:data_inheritance_hierarchy_level_id
P4140_549418,Style_GLO_S 
P4140_549418,Brand_Group_USA_S 
P4140_549418,Category_USA_S 
P4140_549418,Commission_Group_USA_S 
P4140_549418,Gender_Category_USA_S 
P4140_549418,Product_Group_USA_S 
P4140_549418,Silhouette_USA_S 
P4140_549418,Sub_Brand_USA_S 
P4140_549418,Sub_Category_USA_S 
P4140_549418,Attribute_Code_USA_S 
P4140_549418,Magento_Product_Name_USA_A 
P4140_549418,Magento_Product_Name_USA_A 
P4140_549418,salsify:parent_id
P4140_549418,salsify:data_inheritance_hierarchy_level_id
P4140_549418_4PI,NRF_Color_Code_USA_S 
P4140_549418_4PI,Color_Code_GLO_S 
P4140_549418_4PI,Color_Desc_GLO_S 
P4140_549418_4PI,Magento_SKU_GLO_A 
P4140_549418_4PI,salsify:parent_id
P4140_549418_4PI,salsify:data_inheritance_hierarchy_level_id
7.38994E+11,Grid_Value_USA_S 
7.38994E+11,Material_Num_USA_S 
7.38994E+11,UPC_GLO_S 
7.38994E+11,Fiber_Type_GLO_S 
7.38994E+11,Material_Desc_USA_S 
7.38994E+11,NRF_Size_Code_USA_S 
7.38994E+11,Compact_Size_Desc_GLO_S 
7.38994E+11,Size_Code_USA_S 
7.38994E+11,Size_Desc_GLO_S 
7.38994E+11,Case_Qty_USA_S 
7.38994E+11,Country_of_Origin_Code_GLO_S 
7.38994E+11,Country_of_Origin_GLO_S 
7.38994E+11,Tax_Code_USA_S 
7.38994E+11,Magento_SKU_GLO_A 
7.38994E+11,Magento_Price_USA_A 
7.38994E+11,Magento_Price_USA_A 
7.38994E+11,Magento_Product_Name_USA_A 
7.38994E+11,Magento_Product_Name_USA_A 
7.38994E+11,Magento_Quantity_USA_A 
7.38994E+11,Magento_Quantity_USA_A 
7.38994E+11,salsify:parent_id
7.38994E+11,salsify:data_inheritance_hierarchy_level_id
7.38994E+11,Grid_Value_USA_S 
7.38994E+11,Material_Num_USA_S 
7.38994E+11,UPC_GLO_S 
7.38994E+11,Fiber_Type_GLO_S 
7.38994E+11,Material_Desc_USA_S 
7.38994E+11,NRF_Size_Code_USA_S 
7.38994E+11,Compact_Size_Desc_GLO_S 
7.38994E+11,Size_Code_USA_S 
7.38994E+11,Size_Desc_GLO_S 
7.38994E+11,Case_Qty_USA_S 
7.38994E+11,Country_of_Origin_Code_GLO_S 
7.38994E+11,Country_of_Origin_GLO_S 
7.38994E+11,Tax_Code_USA_S 
7.38994E+11,Magento_SKU_GLO_A 
7.38994E+11,Magento_Price_USA_A 
7.38994E+11,Magento_Price_USA_A 
7.38994E+11,Magento_Product_Name_USA_A 
7.38994E+11,Magento_Product_Name_USA_A 
7.38994E+11,Magento_Quantity_USA_A 
7.38994E+11,Magento_Quantity_USA_A 
7.38994E+11,salsify:parent_id
7.38994E+11,salsify:data_inheritance_hierarchy_level_id
7.38994E+11,Grid_Value_USA_S 
7.38994E+11,Material_Num_USA_S 
7.38994E+11,UPC_GLO_S 
7.38994E+11,Fiber_Type_GLO_S 
7.38994E+11,Material_Desc_USA_S 
7.38994E+11,NRF_Size_Code_USA_S 
7.38994E+11,Compact_Size_Desc_GLO_S 
7.38994E+11,Size_Code_USA_S 
7.38994E+11,Size_Desc_GLO_S 
7.38994E+11,Case_Qty_USA_S 
7.38994E+11,Country_of_Origin_Code_GLO_S 
7.38994E+11,Country_of_Origin_GLO_S 
7.38994E+11,Tax_Code_USA_S 
7.38994E+11,Magento_SKU_GLO_A 
7.38994E+11,Magento_Price_USA_A 
7.38994E+11,Magento_Price_USA_A 
7.38994E+11,Magento_Product_Name_USA_A 
7.38994E+11,Magento_Product_Name_USA_A 
7.38994E+11,Magento_Quantity_USA_A 
7.38994E+11,Magento_Quantity_USA_A 
7.38994E+11,salsify:parent_id
7.38994E+11,salsify:data_inheritance_hierarchy_level_id
7.38994E+11,Grid_Value_USA_S 
7.38994E+11,Material_Num_USA_S 
7.38994E+11,UPC_GLO_S 
7.38994E+11,Fiber_Type_GLO_S 
7.38994E+11,Material_Desc_USA_S 
7.38994E+11,NRF_Size_Code_USA_S 
7.38994E+11,Compact_Size_Desc_GLO_S 
7.38994E+11,Size_Code_USA_S 
7.38994E+11,Size_Desc_GLO_S 
7.38994E+11,Case_Qty_USA_S 
7.38994E+11,Country_of_Origin_Code_GLO_S 
7.38994E+11,Country_of_Origin_GLO_S 
7.38994E+11,Tax_Code_USA_S 
7.38994E+11,Magento_SKU_GLO_A 
7.38994E+11,Magento_Price_USA_A 
7.38994E+11,Magento_Price_USA_A 
7.38994E+11,Magento_Product_Name_USA_A 
7.38994E+11,Magento_Product_Name_USA_A 
7.38994E+11,Magento_Quantity_USA_A 
7.38994E+11,Magento_Quantity_USA_A 
7.38994E+11,salsify:parent_id
7.38994E+11,salsify:data_inheritance_hierarchy_level_id
7.38994E+11,Grid_Value_USA_S 
7.38994E+11,Material_Num_USA_S 
7.38994E+11,UPC_GLO_S 
7.38994E+11,Fiber_Type_GLO_S 
7.38994E+11,Material_Desc_USA_S 
7.38994E+11,NRF_Size_Code_USA_S 
7.38994E+11,Compact_Size_Desc_GLO_S 
7.38994E+11,Size_Code_USA_S 
7.38994E+11,Size_Desc_GLO_S 
7.38994E+11,Case_Qty_USA_S 
7.38994E+11,Country_of_Origin_Code_GLO_S 
7.38994E+11,Country_of_Origin_GLO_S 
7.38994E+11,Tax_Code_USA_S 
7.38994E+11,Magento_SKU_GLO_A 
7.38994E+11,Magento_Price_USA_A 
7.38994E+11,Magento_Price_USA_A 
7.38994E+11,Magento_Product_Name_USA_A 
7.38994E+11,Magento_Product_Name_USA_A 
7.38994E+11,Magento_Quantity_USA_A 
7.38994E+11,Magento_Quantity_USA_A 
7.38994E+11,salsify:parent_id
7.38994E+11,salsify:data_inheritance_hierarchy_level_id
7.38994E+11,Grid_Value_USA_S 
7.38994E+11,Material_Num_USA_S 
7.38994E+11,UPC_GLO_S 
7.38994E+11,Fiber_Type_GLO_S 
7.38994E+11,Material_Desc_USA_S 
7.38994E+11,NRF_Size_Code_USA_S 
7.38994E+11,Compact_Size_Desc_GLO_S 
7.38994E+11,Size_Code_USA_S 
7.38994E+11,Size_Desc_GLO_S 
7.38994E+11,Case_Qty_USA_S 
7.38994E+11,Country_of_Origin_Code_GLO_S 
7.38994E+11,Country_of_Origin_GLO_S 
7.38994E+11,Tax_Code_USA_S 
7.38994E+11,Magento_SKU_GLO_A 
7.38994E+11,Magento_Price_USA_A 
7.38994E+11,Magento_Price_USA_A 
7.38994E+11,Magento_Product_Name_USA_A 
7.38994E+11,Magento_Product_Name_USA_A 
7.38994E+11,Magento_Quantity_USA_A 
7.38994E+11,Magento_Quantity_USA_A 
7.38994E+11,salsify:parent_id
7.38994E+11,salsify:data_inheritance_hierarchy_level_id
7.38994E+11,Grid_Value_USA_S 
7.38994E+11,Material_Num_USA_S 
7.38994E+11,UPC_GLO_S 
7.38994E+11,Fiber_Type_GLO_S 
7.38994E+11,Material_Desc_USA_S 
7.38994E+11,NRF_Size_Code_USA_S 
7.38994E+11,Compact_Size_Desc_GLO_S 
7.38994E+11,Size_Code_USA_S 
7.38994E+11,Size_Desc_GLO_S 
7.38994E+11,Case_Qty_USA_S 
7.38994E+11,Country_of_Origin_Code_GLO_S 
7.38994E+11,Country_of_Origin_GLO_S 
7.38994E+11,Tax_Code_USA_S 
7.38994E+11,Magento_SKU_GLO_A 
7.38994E+11,Magento_Price_USA_A 
7.38994E+11,Magento_Price_USA_A 
7.38994E+11,Magento_Product_Name_USA_A 
7.38994E+11,Magento_Product_Name_USA_A 
7.38994E+11,Magento_Quantity_USA_A 
7.38994E+11,Magento_Quantity_USA_A 
7.38994E+11,salsify:parent_id
7.38994E+11,salsify:data_inheritance_hierarchy_level_id
826940_DEVSTY,Brand_GLO_S 
826940_DEVSTY,Gender_GLO_S 
826940_DEVSTY,Product_Region_GLO_S 
826940_DEVSTY,Source_System_GLO_S 
826940_DEVSTY,UOM_GLO_S 
826940_DEVSTY,salsify:data_inheritance_hierarchy_level_id
826940,Style_GLO_S 
826940,Brand_Group_USA_S 
826940,Category_USA_S 
826940,Commission_Group_USA_S 
826940,Gender_Category_USA_S 
826940,Product_Group_USA_S 
826940,Silhouette_USA_S 
826940,Sub_Brand_USA_S 
826940,Sub_Category_USA_S 
826940,Attribute_Code_USA_S 
826940,Magento_Product_Name_USA_A 
826940,Magento_Product_Name_USA_A 
826940,salsify:parent_id
826940,salsify:data_inheritance_hierarchy_level_id
826940_1Y9,NRF_Color_Code_USA_S 
826940_1Y9,Color_Code_GLO_S 
826940_1Y9,Color_Desc_GLO_S 
826940_1Y9,Magento_SKU_GLO_A 
826940_1Y9,salsify:parent_id
826940_1Y9,salsify:data_inheritance_hierarchy_level_id
7.22691E+11,Grid_Value_USA_S 
7.22691E+11,Material_Num_USA_S 
7.22691E+11,UPC_GLO_S 
7.22691E+11,Fiber_Type_GLO_S 
7.22691E+11,Material_Desc_USA_S 
7.22691E+11,Compact_Size_Desc_GLO_S 
7.22691E+11,Size_Code_USA_S 
7.22691E+11,Size_Desc_GLO_S 
7.22691E+11,Case_Qty_USA_S 
7.22691E+11,Country_of_Origin_Code_GLO_S 
7.22691E+11,Country_of_Origin_GLO_S 
7.22691E+11,Tax_Code_USA_S 
7.22691E+11,Magento_SKU_GLO_A 
7.22691E+11,Magento_Price_USA_A 
7.22691E+11,Magento_Price_USA_A 
7.22691E+11,Magento_Product_Name_USA_A 
7.22691E+11,Magento_Product_Name_USA_A 
7.22691E+11,Magento_Quantity_USA_A 
7.22691E+11,Magento_Quantity_USA_A 
7.22691E+11,salsify:parent_id
7.22691E+11,salsify:data_inheritance_hierarchy_level_id
7.22691E+11,Grid_Value_USA_S 
7.22691E+11,Material_Num_USA_S 
7.22691E+11,UPC_GLO_S 
7.22691E+11,Fiber_Type_GLO_S 
7.22691E+11,Material_Desc_USA_S 
7.22691E+11,Compact_Size_Desc_GLO_S 
7.22691E+11,Size_Code_USA_S 
7.22691E+11,Size_Desc_GLO_S 
7.22691E+11,Case_Qty_USA_S 
7.22691E+11,Country_of_Origin_Code_GLO_S 
7.22691E+11,Country_of_Origin_GLO_S 
7.22691E+11,Tax_Code_USA_S 
7.22691E+11,Magento_SKU_GLO_A 
7.22691E+11,Magento_Price_USA_A 
7.22691E+11,Magento_Price_USA_A 
7.22691E+11,Magento_Product_Name_USA_A 
7.22691E+11,Magento_Product_Name_USA_A 
7.22691E+11,Magento_Quantity_USA_A 
7.22691E+11,Magento_Quantity_USA_A 
7.22691E+11,salsify:parent_id
7.22691E+11,salsify:data_inheritance_hierarchy_level_id
7.22691E+11,Grid_Value_USA_S 
7.22691E+11,Material_Num_USA_S 
7.22691E+11,UPC_GLO_S 
7.22691E+11,Fiber_Type_GLO_S 
7.22691E+11,Material_Desc_USA_S 
7.22691E+11,Compact_Size_Desc_GLO_S 
7.22691E+11,Size_Code_USA_S 
7.22691E+11,Size_Desc_GLO_S 
7.22691E+11,Case_Qty_USA_S 
7.22691E+11,Country_of_Origin_Code_GLO_S 
7.22691E+11,Country_of_Origin_GLO_S 
7.22691E+11,Tax_Code_USA_S 
7.22691E+11,Magento_SKU_GLO_A 
7.22691E+11,Magento_Price_USA_A 
7.22691E+11,Magento_Price_USA_A 
7.22691E+11,Magento_Product_Name_USA_A 
7.22691E+11,Magento_Product_Name_USA_A 
7.22691E+11,Magento_Quantity_USA_A 
7.22691E+11,Magento_Quantity_USA_A 
7.22691E+11,salsify:parent_id
7.22691E+11,salsify:data_inheritance_hierarchy_level_id
7.22691E+11,Grid_Value_USA_S 
7.22691E+11,Material_Num_USA_S 
7.22691E+11,UPC_GLO_S 
7.22691E+11,Fiber_Type_GLO_S 
7.22691E+11,Material_Desc_USA_S 
7.22691E+11,Compact_Size_Desc_GLO_S 
7.22691E+11,Size_Code_USA_S 
7.22691E+11,Size_Desc_GLO_S 
7.22691E+11,Case_Qty_USA_S 
7.22691E+11,Country_of_Origin_Code_GLO_S 
7.22691E+11,Country_of_Origin_GLO_S 
7.22691E+11,Tax_Code_USA_S 
7.22691E+11,Magento_SKU_GLO_A 
7.22691E+11,Magento_Price_USA_A 
7.22691E+11,Magento_Price_USA_A 
7.22691E+11,Magento_Product_Name_USA_A 
7.22691E+11,Magento_Product_Name_USA_A 
7.22691E+11,Magento_Quantity_USA_A 
7.22691E+11,Magento_Quantity_USA_A 
7.22691E+11,salsify:parent_id
7.22691E+11,salsify:data_inheritance_hierarchy_level_id
T9419_DEVSTY,Brand_GLO_S 
T9419_DEVSTY,Gender_GLO_S 
T9419_DEVSTY,Product_Region_GLO_S 
T9419_DEVSTY,Source_System_GLO_S 
T9419_DEVSTY,UOM_GLO_S 
T9419_DEVSTY,salsify:data_inheritance_hierarchy_level_id
T9419,Style_GLO_S 
T9419,Brand_Group_USA_S 
T9419,Category_USA_S 
T9419,Commission_Group_USA_S 
T9419,Gender_Category_USA_S 
T9419,Product_Group_USA_S 
T9419,Silhouette_USA_S 
T9419,Sub_Brand_USA_S 
T9419,Sub_Category_USA_S 
T9419,Attribute_Code_USA_S 
T9419,Magento_Product_Name_USA_A 
T9419,Magento_Product_Name_USA_A 
T9419,salsify:parent_id
T9419,salsify:data_inheritance_hierarchy_level_id
T9419_IRJ,NRF_Color_Code_USA_S 
T9419_IRJ,Color_Code_GLO_S 
T9419_IRJ,Color_Desc_GLO_S 
T9419_IRJ,Magento_SKU_GLO_A 
T9419_IRJ,salsify:parent_id
T9419_IRJ,salsify:data_inheritance_hierarchy_level_id
7.27272E+11,Grid_Value_USA_S 
7.27272E+11,Material_Num_USA_S 
7.27272E+11,UPC_GLO_S 
7.27272E+11,Fiber_Type_GLO_S 
7.27272E+11,Material_Desc_USA_S 
7.27272E+11,NRF_Size_Code_USA_S 
7.27272E+11,Compact_Size_Desc_GLO_S 
7.27272E+11,Size_Code_USA_S 
7.27272E+11,Size_Desc_GLO_S 
7.27272E+11,Case_Qty_USA_S 
7.27272E+11,Country_of_Origin_Code_GLO_S 
7.27272E+11,Country_of_Origin_GLO_S 
7.27272E+11,Tax_Code_USA_S 
7.27272E+11,Magento_SKU_GLO_A 
7.27272E+11,Magento_Price_USA_A 
7.27272E+11,Magento_Price_USA_A 
7.27272E+11,Magento_Product_Name_USA_A 
7.27272E+11,Magento_Product_Name_USA_A 
7.27272E+11,Magento_Quantity_USA_A 
7.27272E+11,Magento_Quantity_USA_A 
7.27272E+11,salsify:parent_id
7.27272E+11,salsify:data_inheritance_hierarchy_level_id
7.27272E+11,Grid_Value_USA_S 
7.27272E+11,Material_Num_USA_S 
7.27272E+11,UPC_GLO_S 
7.27272E+11,Fiber_Type_GLO_S 
7.27272E+11,Material_Desc_USA_S 
7.27272E+11,NRF_Size_Code_USA_S 
7.27272E+11,Compact_Size_Desc_GLO_S 
7.27272E+11,Size_Code_USA_S 
7.27272E+11,Size_Desc_GLO_S 
7.27272E+11,Case_Qty_USA_S 
7.27272E+11,Country_of_Origin_Code_GLO_S 
7.27272E+11,Country_of_Origin_GLO_S 
7.27272E+11,Tax_Code_USA_S 
7.27272E+11,Magento_SKU_GLO_A 
7.27272E+11,Magento_Price_USA_A 
7.27272E+11,Magento_Price_USA_A 
7.27272E+11,Magento_Product_Name_USA_A 
7.27272E+11,Magento_Product_Name_USA_A 
7.27272E+11,Magento_Quantity_USA_A 
7.27272E+11,Magento_Quantity_USA_A 
7.27272E+11,salsify:parent_id
7.27272E+11,salsify:data_inheritance_hierarchy_level_id
7.27272E+11,Grid_Value_USA_S 
7.27272E+11,Material_Num_USA_S 
7.27272E+11,UPC_GLO_S 
7.27272E+11,Fiber_Type_GLO_S 
7.27272E+11,Material_Desc_USA_S 
7.27272E+11,NRF_Size_Code_USA_S 
7.27272E+11,Compact_Size_Desc_GLO_S 
7.27272E+11,Size_Code_USA_S 
7.27272E+11,Size_Desc_GLO_S 
7.27272E+11,Case_Qty_USA_S 
7.27272E+11,Country_of_Origin_Code_GLO_S 
7.27272E+11,Country_of_Origin_GLO_S 
7.27272E+11,Tax_Code_USA_S 
7.27272E+11,Magento_SKU_GLO_A 
7.27272E+11,Magento_Price_USA_A 
7.27272E+11,Magento_Price_USA_A 
7.27272E+11,Magento_Product_Name_USA_A 
7.27272E+11,Magento_Product_Name_USA_A 
7.27272E+11,Magento_Quantity_USA_A 
7.27272E+11,Magento_Quantity_USA_A 
7.27272E+11,salsify:parent_id
7.27272E+11,salsify:data_inheritance_hierarchy_level_id
7.27272E+11,Grid_Value_USA_S 
7.27272E+11,Material_Num_USA_S 
7.27272E+11,UPC_GLO_S 
7.27272E+11,Fiber_Type_GLO_S 
7.27272E+11,Material_Desc_USA_S 
7.27272E+11,NRF_Size_Code_USA_S 
7.27272E+11,Compact_Size_Desc_GLO_S 
7.27272E+11,Size_Code_USA_S 
7.27272E+11,Size_Desc_GLO_S 
7.27272E+11,Case_Qty_USA_S 
7.27272E+11,Country_of_Origin_Code_GLO_S 
7.27272E+11,Country_of_Origin_GLO_S 
7.27272E+11,Tax_Code_USA_S 
7.27272E+11,Magento_SKU_GLO_A 
7.27272E+11,Magento_Price_USA_A 
7.27272E+11,Magento_Price_USA_A 
7.27272E+11,Magento_Product_Name_USA_A 
7.27272E+11,Magento_Product_Name_USA_A 
7.27272E+11,Magento_Quantity_USA_A 
7.27272E+11,Magento_Quantity_USA_A 
7.27272E+11,salsify:parent_id
7.27272E+11,salsify:data_inheritance_hierarchy_level_id
7.27272E+11,Grid_Value_USA_S 
7.27272E+11,Material_Num_USA_S 
7.27272E+11,UPC_GLO_S 
7.27272E+11,Fiber_Type_GLO_S 
7.27272E+11,Material_Desc_USA_S 
7.27272E+11,NRF_Size_Code_USA_S 
7.27272E+11,Compact_Size_Desc_GLO_S 
7.27272E+11,Size_Code_USA_S 
7.27272E+11,Size_Desc_GLO_S 
7.27272E+11,Case_Qty_USA_S 
7.27272E+11,Country_of_Origin_Code_GLO_S 
7.27272E+11,Country_of_Origin_GLO_S 
7.27272E+11,Tax_Code_USA_S 
7.27272E+11,Magento_SKU_GLO_A 
7.27272E+11,Magento_Price_USA_A 
7.27272E+11,Magento_Price_USA_A 
7.27272E+11,Magento_Product_Name_USA_A 
7.27272E+11,Magento_Product_Name_USA_A 
7.27272E+11,Magento_Quantity_USA_A 
7.27272E+11,Magento_Quantity_USA_A 
7.27272E+11,salsify:parent_id
7.27272E+11,salsify:data_inheritance_hierarchy_level_id
7.27272E+11,Grid_Value_USA_S 
7.27272E+11,Material_Num_USA_S 
7.27272E+11,UPC_GLO_S 
7.27272E+11,Fiber_Type_GLO_S 
7.27272E+11,Material_Desc_USA_S 
7.27272E+11,NRF_Size_Code_USA_S 
7.27272E+11,Compact_Size_Desc_GLO_S 
7.27272E+11,Size_Code_USA_S 
7.27272E+11,Size_Desc_GLO_S 
7.27272E+11,Case_Qty_USA_S 
7.27272E+11,Country_of_Origin_Code_GLO_S 
7.27272E+11,Country_of_Origin_GLO_S 
7.27272E+11,Tax_Code_USA_S 
7.27272E+11,Magento_SKU_GLO_A 
7.27272E+11,Magento_Price_USA_A 
7.27272E+11,Magento_Price_USA_A 
7.27272E+11,Magento_Product_Name_USA_A 
7.27272E+11,Magento_Product_Name_USA_A 
7.27272E+11,Magento_Quantity_USA_A 
7.27272E+11,Magento_Quantity_USA_A 
7.27272E+11,salsify:parent_id
7.27272E+11,salsify:data_inheritance_hierarchy_level_id
GT03_Y03573_DEVSTY,Brand_GLO_S 
GT03_Y03573_DEVSTY,Gender_GLO_S 
GT03_Y03573_DEVSTY,Product_Region_GLO_S 
GT03_Y03573_DEVSTY,Source_System_GLO_S 
GT03_Y03573_DEVSTY,UOM_GLO_S 
GT03_Y03573_DEVSTY,salsify:data_inheritance_hierarchy_level_id
GT03_Y03573,Style_GLO_S 
GT03_Y03573,Brand_Group_USA_S 
GT03_Y03573,Category_USA_S 
GT03_Y03573,Commission_Group_USA_S 
GT03_Y03573,Gender_Category_USA_S 
GT03_Y03573,Product_Group_USA_S 
GT03_Y03573,Silhouette_USA_S 
GT03_Y03573,Sub_Brand_USA_S 
GT03_Y03573,Sub_Category_USA_S 
GT03_Y03573,Attribute_Code_USA_S 
GT03_Y03573,Magento_Product_Name_USA_A 
GT03_Y03573,Magento_Product_Name_USA_A 
GT03_Y03573,salsify:parent_id
GT03_Y03573,salsify:data_inheritance_hierarchy_level_id
GT03_Y03573_Z8C,NRF_Color_Code_USA_S 
GT03_Y03573_Z8C,Color_Code_GLO_S 
GT03_Y03573_Z8C,Color_Desc_GLO_S 
GT03_Y03573_Z8C,Magento_SKU_GLO_A 
GT03_Y03573_Z8C,salsify:parent_id
GT03_Y03573_Z8C,salsify:data_inheritance_hierarchy_level_id
011919949687,Grid_Value_USA_S 
011919949687,Material_Num_USA_S 
011919949687,UPC_GLO_S 
011919949687,Fiber_Type_GLO_S 
011919949687,Material_Desc_USA_S 
011919949687,NRF_Size_Code_USA_S 
011919949687,Compact_Size_Desc_GLO_S 
011919949687,Size_Code_USA_S 
011919949687,Size_Desc_GLO_S 
011919949687,Case_Qty_USA_S 
011919949687,Country_of_Origin_Code_GLO_S 
011919949687,Country_of_Origin_GLO_S 
011919949687,Tax_Code_USA_S 
011919949687,Magento_SKU_GLO_A 
011919949687,Magento_Price_USA_A 
011919949687,Magento_Price_USA_A 
011919949687,Magento_Product_Name_USA_A 
011919949687,Magento_Product_Name_USA_A 
011919949687,Magento_Quantity_USA_A 
011919949687,Magento_Quantity_USA_A 
011919949687,salsify:parent_id
011919949687,salsify:data_inheritance_hierarchy_level_id
011919949656,Grid_Value_USA_S 
011919949656,Material_Num_USA_S 
011919949656,UPC_GLO_S 
011919949656,Fiber_Type_GLO_S 
011919949656,Material_Desc_USA_S 
011919949656,NRF_Size_Code_USA_S 
011919949656,Compact_Size_Desc_GLO_S 
011919949656,Size_Code_USA_S 
011919949656,Size_Desc_GLO_S 
011919949656,Case_Qty_USA_S 
011919949656,Country_of_Origin_Code_GLO_S 
011919949656,Country_of_Origin_GLO_S 
011919949656,Tax_Code_USA_S 
011919949656,Magento_SKU_GLO_A 
011919949656,Magento_Price_USA_A 
011919949656,Magento_Price_USA_A 
011919949656,Magento_Product_Name_USA_A 
011919949656,Magento_Product_Name_USA_A 
011919949656,Magento_Quantity_USA_A 
011919949656,Magento_Quantity_USA_A 
011919949656,salsify:parent_id
011919949656,salsify:data_inheritance_hierarchy_level_id
011919949670,Grid_Value_USA_S 
011919949670,Material_Num_USA_S 
011919949670,UPC_GLO_S 
011919949670,Fiber_Type_GLO_S 
011919949670,Material_Desc_USA_S 
011919949670,NRF_Size_Code_USA_S 
011919949670,Compact_Size_Desc_GLO_S 
011919949670,Size_Code_USA_S 
011919949670,Size_Desc_GLO_S 
011919949670,Case_Qty_USA_S 
011919949670,Country_of_Origin_Code_GLO_S 
011919949670,Country_of_Origin_GLO_S 
011919949670,Tax_Code_USA_S 
011919949670,Magento_SKU_GLO_A 
011919949670,Magento_Price_USA_A 
011919949670,Magento_Price_USA_A 
011919949670,Magento_Product_Name_USA_A 
011919949670,Magento_Product_Name_USA_A 
011919949670,Magento_Quantity_USA_A 
011919949670,Magento_Quantity_USA_A 
011919949670,salsify:parent_id
011919949670,salsify:data_inheritance_hierarchy_level_id
011919949663,Grid_Value_USA_S 
011919949663,Material_Num_USA_S 
011919949663,UPC_GLO_S 
011919949663,Fiber_Type_GLO_S 
011919949663,Material_Desc_USA_S 
011919949663,NRF_Size_Code_USA_S 
011919949663,Compact_Size_Desc_GLO_S 
011919949663,Size_Code_USA_S 
011919949663,Size_Desc_GLO_S 
011919949663,Case_Qty_USA_S 
011919949663,Country_of_Origin_Code_GLO_S 
011919949663,Country_of_Origin_GLO_S 
011919949663,Tax_Code_USA_S 
011919949663,Magento_SKU_GLO_A 
011919949663,Magento_Price_USA_A 
011919949663,Magento_Price_USA_A 
011919949663,Magento_Product_Name_USA_A 
011919949663,Magento_Product_Name_USA_A 
011919949663,Magento_Quantity_USA_A 
011919949663,Magento_Quantity_USA_A 
011919949663,salsify:parent_id
011919949663,salsify:data_inheritance_hierarchy_level_id
011919949694,Grid_Value_USA_S 
011919949694,Material_Num_USA_S 
011919949694,UPC_GLO_S 
011919949694,Fiber_Type_GLO_S 
011919949694,Material_Desc_USA_S 
011919949694,NRF_Size_Code_USA_S 
011919949694,Compact_Size_Desc_GLO_S 
011919949694,Size_Code_USA_S 
011919949694,Size_Desc_GLO_S 
011919949694,Case_Qty_USA_S 
011919949694,Country_of_Origin_Code_GLO_S 
011919949694,Country_of_Origin_GLO_S 
011919949694,Tax_Code_USA_S 
011919949694,Magento_SKU_GLO_A 
011919949694,Magento_Price_USA_A 
011919949694,Magento_Price_USA_A 
011919949694,Magento_Product_Name_USA_A 
011919949694,Magento_Product_Name_USA_A 
011919949694,Magento_Quantity_USA_A 
011919949694,Magento_Quantity_USA_A 
011919949694,salsify:parent_id
011919949694,salsify:data_inheritance_hierarchy_level_id
GT18H_586975_DEVSTY,Brand_GLO_S 
GT18H_586975_DEVSTY,Gender_GLO_S 
GT18H_586975_DEVSTY,Product_Region_GLO_S 
GT18H_586975_DEVSTY,Source_System_GLO_S 
GT18H_586975_DEVSTY,UOM_GLO_S 
GT18H_586975_DEVSTY,salsify:data_inheritance_hierarchy_level_id
GT18H_586975,Style_GLO_S 
GT18H_586975,Brand_Group_USA_S 
GT18H_586975,Category_USA_S 
GT18H_586975,Commission_Group_USA_S 
GT18H_586975,Gender_Category_USA_S 
GT18H_586975,Product_Group_USA_S 
GT18H_586975,Silhouette_USA_S 
GT18H_586975,Sub_Brand_USA_S 
GT18H_586975,Sub_Category_USA_S 
GT18H_586975,Attribute_Code_USA_S 
GT18H_586975,Magento_Product_Name_USA_A 
GT18H_586975,Magento_Product_Name_USA_A 
GT18H_586975,salsify:parent_id
GT18H_586975,salsify:data_inheritance_hierarchy_level_id
GT18H_586975_001,NRF_Color_Code_USA_S 
GT18H_586975_001,Color_Code_GLO_S 
GT18H_586975_001,Color_Desc_GLO_S 
GT18H_586975_001,Magento_SKU_GLO_A 
GT18H_586975_001,salsify:parent_id
GT18H_586975_001,salsify:data_inheritance_hierarchy_level_id
1.94959E+11,Grid_Value_USA_S 
1.94959E+11,Material_Num_USA_S 
1.94959E+11,UPC_GLO_S 
1.94959E+11,Fiber_Type_GLO_S 
1.94959E+11,Material_Desc_USA_S 
1.94959E+11,NRF_Size_Code_USA_S 
1.94959E+11,Compact_Size_Desc_GLO_S 
1.94959E+11,Size_Code_USA_S 
1.94959E+11,Size_Desc_GLO_S 
1.94959E+11,Case_Qty_USA_S 
1.94959E+11,Country_of_Origin_Code_GLO_S 
1.94959E+11,Country_of_Origin_GLO_S 
1.94959E+11,Tax_Code_USA_S 
1.94959E+11,Magento_SKU_GLO_A 
1.94959E+11,Magento_Price_USA_A 
1.94959E+11,Magento_Price_USA_A 
1.94959E+11,Magento_Product_Name_USA_A 
1.94959E+11,Magento_Product_Name_USA_A 
1.94959E+11,Magento_Quantity_USA_A 
1.94959E+11,Magento_Quantity_USA_A 
1.94959E+11,salsify:parent_id
1.94959E+11,salsify:data_inheritance_hierarchy_level_id
1.94959E+11,Grid_Value_USA_S 
1.94959E+11,Material_Num_USA_S 
1.94959E+11,UPC_GLO_S 
1.94959E+11,Fiber_Type_GLO_S 
1.94959E+11,Material_Desc_USA_S 
1.94959E+11,NRF_Size_Code_USA_S 
1.94959E+11,Compact_Size_Desc_GLO_S 
1.94959E+11,Size_Code_USA_S 
1.94959E+11,Size_Desc_GLO_S 
1.94959E+11,Case_Qty_USA_S 
1.94959E+11,Country_of_Origin_Code_GLO_S 
1.94959E+11,Country_of_Origin_GLO_S 
1.94959E+11,Tax_Code_USA_S 
1.94959E+11,Magento_SKU_GLO_A 
1.94959E+11,Magento_Price_USA_A 
1.94959E+11,Magento_Price_USA_A 
1.94959E+11,Magento_Product_Name_USA_A 
1.94959E+11,Magento_Product_Name_USA_A 
1.94959E+11,Magento_Quantity_USA_A 
1.94959E+11,Magento_Quantity_USA_A 
1.94959E+11,salsify:parent_id
1.94959E+11,salsify:data_inheritance_hierarchy_level_id
1.96062E+11,Grid_Value_USA_S 
1.96062E+11,Material_Num_USA_S 
1.96062E+11,UPC_GLO_S 
1.96062E+11,Fiber_Type_GLO_S 
1.96062E+11,Material_Desc_USA_S 
1.96062E+11,NRF_Size_Code_USA_S 
1.96062E+11,Compact_Size_Desc_GLO_S 
1.96062E+11,Size_Code_USA_S 
1.96062E+11,Size_Desc_GLO_S 
1.96062E+11,Case_Qty_USA_S 
1.96062E+11,Country_of_Origin_Code_GLO_S 
1.96062E+11,Country_of_Origin_GLO_S 
1.96062E+11,Tax_Code_USA_S 
1.96062E+11,Magento_SKU_GLO_A 
1.96062E+11,Magento_Price_USA_A 
1.96062E+11,Magento_Price_USA_A 
1.96062E+11,Magento_Product_Name_USA_A 
1.96062E+11,Magento_Product_Name_USA_A 
1.96062E+11,Magento_Quantity_USA_A 
1.96062E+11,Magento_Quantity_USA_A 
1.96062E+11,salsify:parent_id
1.96062E+11,salsify:data_inheritance_hierarchy_level_id
1.96062E+11,Grid_Value_USA_S 
1.96062E+11,Material_Num_USA_S 
1.96062E+11,UPC_GLO_S 
1.96062E+11,Fiber_Type_GLO_S 
1.96062E+11,Material_Desc_USA_S 
1.96062E+11,NRF_Size_Code_USA_S 
1.96062E+11,Compact_Size_Desc_GLO_S 
1.96062E+11,Size_Code_USA_S 
1.96062E+11,Size_Desc_GLO_S 
1.96062E+11,Case_Qty_USA_S 
1.96062E+11,Country_of_Origin_Code_GLO_S 
1.96062E+11,Country_of_Origin_GLO_S 
1.96062E+11,Tax_Code_USA_S 
1.96062E+11,Magento_SKU_GLO_A 
1.96062E+11,Magento_Price_USA_A 
1.96062E+11,Magento_Price_USA_A 
1.96062E+11,Magento_Product_Name_USA_A 
1.96062E+11,Magento_Product_Name_USA_A 
1.96062E+11,Magento_Quantity_USA_A 
1.96062E+11,Magento_Quantity_USA_A 
1.96062E+11,salsify:parent_id
1.96062E+11,salsify:data_inheritance_hierarchy_level_id
1.96062E+11,Grid_Value_USA_S 
1.96062E+11,Material_Num_USA_S 
1.96062E+11,UPC_GLO_S 
1.96062E+11,Fiber_Type_GLO_S 
1.96062E+11,Material_Desc_USA_S 
1.96062E+11,NRF_Size_Code_USA_S 
1.96062E+11,Compact_Size_Desc_GLO_S 
1.96062E+11,Size_Code_USA_S 
1.96062E+11,Size_Desc_GLO_S 
1.96062E+11,Case_Qty_USA_S 
1.96062E+11,Country_of_Origin_Code_GLO_S 
1.96062E+11,Country_of_Origin_GLO_S 
1.96062E+11,Tax_Code_USA_S 
1.96062E+11,Magento_SKU_GLO_A 
1.96062E+11,Magento_Price_USA_A 
1.96062E+11,Magento_Price_USA_A 
1.96062E+11,Magento_Product_Name_USA_A 
1.96062E+11,Magento_Product_Name_USA_A 
1.96062E+11,Magento_Quantity_USA_A 
1.96062E+11,Magento_Quantity_USA_A 
1.96062E+11,salsify:parent_id
1.96062E+11,salsify:data_inheritance_hierarchy_level_id
1.94959E+11,Grid_Value_USA_S 
1.94959E+11,Material_Num_USA_S 
1.94959E+11,UPC_GLO_S 
1.94959E+11,Fiber_Type_GLO_S 
1.94959E+11,Material_Desc_USA_S 
1.94959E+11,NRF_Size_Code_USA_S 
1.94959E+11,Compact_Size_Desc_GLO_S 
1.94959E+11,Size_Code_USA_S 
1.94959E+11,Size_Desc_GLO_S 
1.94959E+11,Case_Qty_USA_S 
1.94959E+11,Country_of_Origin_Code_GLO_S 
1.94959E+11,Country_of_Origin_GLO_S 
1.94959E+11,Tax_Code_USA_S 
1.94959E+11,Magento_SKU_GLO_A 
1.94959E+11,Magento_Price_USA_A 
1.94959E+11,Magento_Price_USA_A 
1.94959E+11,Magento_Product_Name_USA_A 
1.94959E+11,Magento_Product_Name_USA_A 
1.94959E+11,Magento_Quantity_USA_A 
1.94959E+11,Magento_Quantity_USA_A 
1.94959E+11,salsify:parent_id
1.94959E+11,salsify:data_inheritance_hierarchy_level_id
GF88XH_Y07718_DEVSTY,Brand_GLO_S 
GF88XH_Y07718_DEVSTY,Gender_GLO_S 
GF88XH_Y07718_DEVSTY,Product_Region_GLO_S 
GF88XH_Y07718_DEVSTY,Source_System_GLO_S 
GF88XH_Y07718_DEVSTY,UOM_GLO_S 
GF88XH_Y07718_DEVSTY,salsify:data_inheritance_hierarchy_level_id
GF88XH_Y07718,Style_GLO_S 
GF88XH_Y07718,Brand_Group_USA_S 
GF88XH_Y07718,Category_USA_S 
GF88XH_Y07718,Commission_Group_USA_S 
GF88XH_Y07718,Gender_Category_USA_S 
GF88XH_Y07718,Product_Group_USA_S 
GF88XH_Y07718,Silhouette_USA_S 
GF88XH_Y07718,Sub_Brand_USA_S 
GF88XH_Y07718,Sub_Category_USA_S 
GF88XH_Y07718,Attribute_Code_USA_S 
GF88XH_Y07718,Care_Instructions_GLO_M 
GF88XH_Y07718,Special_Features_USA_M 
GF88XH_Y07718,Copy_Status_USA_M.1
GF88XH_Y07718,Legal Status
GF88XH_Y07718,DTC_Optimized_Product_Title_GLO_M 
GF88XH_Y07718,DTC_Optimized_Product_Desc_GLO_M 
GF88XH_Y07718,DTC_Optimized_Mkt_Bullet_1_GLO_M 
GF88XH_Y07718,Optimized_Product_Title_GLO_M 
GF88XH_Y07718,Optimized_Product_Desc_GLO_M 
GF88XH_Y07718,Optimized_Mkt_Bullet_1_GLO_M 
GF88XH_Y07718,Optimized_Mkt_Bullet_2_GLO_M 
GF88XH_Y07718,Optimized_Mkt_Bullet_3_GLO_M 
GF88XH_Y07718,Optimized_Mkt_Bullet_4_GLO_M 
GF88XH_Y07718,Optimized_Mkt_Bullet_5_GLO_M 
GF88XH_Y07718,Optimized_Mkt_Bullet_6_GLO_M 
GF88XH_Y07718,Optimized_Keywords_GLO_M 
GF88XH_Y07718,Amazon_Keywords_USA_M 
GF88XH_Y07718,Assigned Writer 
GF88XH_Y07718,Content Notes 
GF88XH_Y07718,Amazon_Special_Features_USA_M 
GF88XH_Y07718,Mkt_Bullet_10_GLO_M 
GF88XH_Y07718,Mkt_Bullet_1_GLO_M 
GF88XH_Y07718,Mkt_Bullet_2_GLO_M 
GF88XH_Y07718,Mkt_Bullet_3_GLO_M 
GF88XH_Y07718,Mkt_Bullet_4_GLO_M 
GF88XH_Y07718,Mkt_Bullet_5_GLO_M 
GF88XH_Y07718,Mkt_Bullet_6_GLO_M 
GF88XH_Y07718,Mkt_Bullet_7_GLO_M 
GF88XH_Y07718,Mkt_Bullet_8_GLO_M 
GF88XH_Y07718,Mkt_Bullet_9_GLO_M 
GF88XH_Y07718,Product_Desc_GLO_M 
GF88XH_Y07718,Lifecycle_Duration_USA_M 
GF88XH_Y07718,Magento_Product_Name_USA_A 
GF88XH_Y07718,Magento_Product_Name_USA_A 
GF88XH_Y07718,salsify:parent_id
GF88XH_Y07718,salsify:data_inheritance_hierarchy_level_id
GF88XH_Y07718_1IC,NRF_Color_Code_USA_S 
GF88XH_Y07718_1IC,Color_Code_GLO_S 
GF88XH_Y07718_1IC,Color_Desc_GLO_S 
GF88XH_Y07718_1IC,Launch_Season_By_Retailer_USA_A.1
GF88XH_Y07718_1IC,Launch_Season_By_Retailer_USA_A.2
GF88XH_Y07718_1IC,Seasons_By_Retailer_USA_M.1
GF88XH_Y07718_1IC,Seasons_By_Retailer_USA_M.2
GF88XH_Y07718_1IC,Seasons_By_Retailer_USA_M.3
GF88XH_Y07718_1IC,Seasons_By_Retailer_USA_M.4
GF88XH_Y07718_1IC,Seasons_By_Retailer_USA_M.5
GF88XH_Y07718_1IC,Seasons_By_Retailer_USA_M.6
GF88XH_Y07718_1IC,Magento_SKU_GLO_A 
GF88XH_Y07718_1IC,salsify:parent_id
GF88XH_Y07718_1IC,salsify:data_inheritance_hierarchy_level_id
1.96063E+11,Grid_Value_USA_S 
1.96063E+11,Material_Num_USA_S 
1.96063E+11,UPC_GLO_S 
1.96063E+11,Fiber_Type_GLO_S 
1.96063E+11,Material_Desc_USA_S 
1.96063E+11,NRF_Size_Code_USA_S 
1.96063E+11,Compact_Size_Desc_GLO_S 
1.96063E+11,Size_Code_USA_S 
1.96063E+11,Size_Desc_GLO_S 
1.96063E+11,Case_Qty_USA_S 
1.96063E+11,Country_of_Origin_Code_GLO_S 
1.96063E+11,Country_of_Origin_GLO_S 
1.96063E+11,Tax_Code_USA_S 
1.96063E+11,Amazon_ASIN_GLO_M 
1.96063E+11,Amazon_Verified_Earliest_Ship_Date_GLO_A 
1.96063E+11,AMZ Earliest Ship Date USA M 
1.96063E+11,AMZ Item Booking Date USA M 
1.96063E+11,Amazon_Cost_Price_USA_M 
1.96063E+11,Launch_Season_By_Retailer_USA_A.1
1.96063E+11,Launch_Season_By_Retailer_USA_A.2
1.96063E+11,Magento_SKU_GLO_A 
1.96063E+11,Magento_Price_USA_A 
1.96063E+11,Magento_Price_USA_A 
1.96063E+11,Magento_Product_Name_USA_A 
1.96063E+11,Magento_Product_Name_USA_A 
1.96063E+11,Magento_Quantity_USA_A 
1.96063E+11,Magento_Quantity_USA_A 
1.96063E+11,salsify:parent_id
1.96063E+11,salsify:data_inheritance_hierarchy_level_id
1.96063E+11,Grid_Value_USA_S 
1.96063E+11,Material_Num_USA_S 
1.96063E+11,UPC_GLO_S 
1.96063E+11,Fiber_Type_GLO_S 
1.96063E+11,Material_Desc_USA_S 
1.96063E+11,NRF_Size_Code_USA_S 
1.96063E+11,Compact_Size_Desc_GLO_S 
1.96063E+11,Size_Code_USA_S 
1.96063E+11,Size_Desc_GLO_S 
1.96063E+11,Case_Qty_USA_S 
1.96063E+11,Country_of_Origin_Code_GLO_S 
1.96063E+11,Country_of_Origin_GLO_S 
1.96063E+11,Tax_Code_USA_S 
1.96063E+11,Amazon_ASIN_GLO_M 
1.96063E+11,Amazon_Verified_Earliest_Ship_Date_GLO_A 
1.96063E+11,AMZ Earliest Ship Date USA M 
1.96063E+11,AMZ Item Booking Date USA M 
1.96063E+11,Amazon_Cost_Price_USA_M 
1.96063E+11,Launch_Season_By_Retailer_USA_A.1
1.96063E+11,Launch_Season_By_Retailer_USA_A.2
1.96063E+11,Magento_SKU_GLO_A 
1.96063E+11,Magento_Price_USA_A 
1.96063E+11,Magento_Price_USA_A 
1.96063E+11,Magento_Product_Name_USA_A 
1.96063E+11,Magento_Product_Name_USA_A 
1.96063E+11,Magento_Quantity_USA_A 
1.96063E+11,Magento_Quantity_USA_A 
1.96063E+11,salsify:parent_id
1.96063E+11,salsify:data_inheritance_hierarchy_level_id
1.96063E+11,Grid_Value_USA_S 
1.96063E+11,Material_Num_USA_S 
1.96063E+11,UPC_GLO_S 
1.96063E+11,Fiber_Type_GLO_S 
1.96063E+11,Material_Desc_USA_S 
1.96063E+11,NRF_Size_Code_USA_S 
1.96063E+11,Compact_Size_Desc_GLO_S 
1.96063E+11,Size_Code_USA_S 
1.96063E+11,Size_Desc_GLO_S 
1.96063E+11,Case_Qty_USA_S 
1.96063E+11,Country_of_Origin_Code_GLO_S 
1.96063E+11,Country_of_Origin_GLO_S 
1.96063E+11,Tax_Code_USA_S 
1.96063E+11,Amazon_ASIN_GLO_M 
1.96063E+11,Amazon_Verified_Earliest_Ship_Date_GLO_A 
1.96063E+11,AMZ Earliest Ship Date USA M 
1.96063E+11,AMZ Item Booking Date USA M 
1.96063E+11,Amazon_Cost_Price_USA_M 
1.96063E+11,Launch_Season_By_Retailer_USA_A.1
1.96063E+11,Launch_Season_By_Retailer_USA_A.2
1.96063E+11,Magento_SKU_GLO_A 
1.96063E+11,Magento_Price_USA_A 
1.96063E+11,Magento_Price_USA_A 
1.96063E+11,Magento_Product_Name_USA_A 
1.96063E+11,Magento_Product_Name_USA_A 
1.96063E+11,Magento_Quantity_USA_A 
1.96063E+11,Magento_Quantity_USA_A 
1.96063E+11,salsify:parent_id
1.96063E+11,salsify:data_inheritance_hierarchy_level_id
1.96063E+11,Grid_Value_USA_S 
1.96063E+11,Material_Num_USA_S 
1.96063E+11,UPC_GLO_S 
1.96063E+11,Fiber_Type_GLO_S 
1.96063E+11,Material_Desc_USA_S 
1.96063E+11,NRF_Size_Code_USA_S 
1.96063E+11,Compact_Size_Desc_GLO_S 
1.96063E+11,Size_Code_USA_S 
1.96063E+11,Size_Desc_GLO_S 
1.96063E+11,Case_Qty_USA_S 
1.96063E+11,Country_of_Origin_Code_GLO_S 
1.96063E+11,Country_of_Origin_GLO_S 
1.96063E+11,Tax_Code_USA_S 
1.96063E+11,Amazon_ASIN_GLO_M 
1.96063E+11,Amazon_Verified_Earliest_Ship_Date_GLO_A 
1.96063E+11,AMZ Earliest Ship Date USA M 
1.96063E+11,AMZ Item Booking Date USA M 
1.96063E+11,Amazon_Cost_Price_USA_M 
1.96063E+11,Launch_Season_By_Retailer_USA_A.1
1.96063E+11,Launch_Season_By_Retailer_USA_A.2
1.96063E+11,Magento_SKU_GLO_A 
1.96063E+11,Magento_Price_USA_A 
1.96063E+11,Magento_Price_USA_A 
1.96063E+11,Magento_Product_Name_USA_A 
1.96063E+11,Magento_Product_Name_USA_A 
1.96063E+11,Magento_Quantity_USA_A 
1.96063E+11,Magento_Quantity_USA_A 
1.96063E+11,salsify:parent_id
1.96063E+11,salsify:data_inheritance_hierarchy_level_id
1.96063E+11,Grid_Value_USA_S 
1.96063E+11,Material_Num_USA_S 
1.96063E+11,UPC_GLO_S 
1.96063E+11,Fiber_Type_GLO_S 
1.96063E+11,Material_Desc_USA_S 
1.96063E+11,NRF_Size_Code_USA_S 
1.96063E+11,Compact_Size_Desc_GLO_S 
1.96063E+11,Size_Code_USA_S 
1.96063E+11,Size_Desc_GLO_S 
1.96063E+11,Case_Qty_USA_S 
1.96063E+11,Country_of_Origin_Code_GLO_S 
1.96063E+11,Country_of_Origin_GLO_S 
1.96063E+11,Tax_Code_USA_S 
1.96063E+11,Amazon_ASIN_GLO_M 
1.96063E+11,Amazon_Verified_Earliest_Ship_Date_GLO_A 
1.96063E+11,AMZ Earliest Ship Date USA M 
1.96063E+11,AMZ Item Booking Date USA M 
1.96063E+11,Amazon_Cost_Price_USA_M 
1.96063E+11,Launch_Season_By_Retailer_USA_A.1
1.96063E+11,Launch_Season_By_Retailer_USA_A.2
1.96063E+11,Magento_SKU_GLO_A 
1.96063E+11,Magento_Price_USA_A 
1.96063E+11,Magento_Price_USA_A 
1.96063E+11,Magento_Product_Name_USA_A 
1.96063E+11,Magento_Product_Name_USA_A 
1.96063E+11,Magento_Quantity_USA_A 
1.96063E+11,Magento_Quantity_USA_A 
1.96063E+11,salsify:parent_id
1.96063E+11,salsify:data_inheritance_hierarchy_level_id
1.96063E+11,Grid_Value_USA_S 
1.96063E+11,Material_Num_USA_S 
1.96063E+11,UPC_GLO_S 
1.96063E+11,Fiber_Type_GLO_S 
1.96063E+11,Material_Desc_USA_S 
1.96063E+11,NRF_Size_Code_USA_S 
1.96063E+11,Compact_Size_Desc_GLO_S 
1.96063E+11,Size_Code_USA_S 
1.96063E+11,Size_Desc_GLO_S 
1.96063E+11,Case_Qty_USA_S 
1.96063E+11,Country_of_Origin_Code_GLO_S 
1.96063E+11,Country_of_Origin_GLO_S 
1.96063E+11,Tax_Code_USA_S 
1.96063E+11,Amazon_ASIN_GLO_M 
1.96063E+11,Amazon_Verified_Earliest_Ship_Date_GLO_A 
1.96063E+11,AMZ Earliest Ship Date USA M 
1.96063E+11,AMZ Item Booking Date USA M 
1.96063E+11,Amazon_Cost_Price_USA_M 
1.96063E+11,Launch_Season_By_Retailer_USA_A.1
1.96063E+11,Launch_Season_By_Retailer_USA_A.2
1.96063E+11,Magento_SKU_GLO_A 
1.96063E+11,Magento_Price_USA_A 
1.96063E+11,Magento_Price_USA_A 
1.96063E+11,Magento_Product_Name_USA_A 
1.96063E+11,Magento_Product_Name_USA_A 
1.96063E+11,Magento_Quantity_USA_A 
1.96063E+11,Magento_Quantity_USA_A 
1.96063E+11,salsify:parent_id
1.96063E+11,salsify:data_inheritance_hierarchy_level_id
1.96063E+11,Grid_Value_USA_S 
1.96063E+11,Material_Num_USA_S 
1.96063E+11,UPC_GLO_S 
1.96063E+11,Fiber_Type_GLO_S 
1.96063E+11,Material_Desc_USA_S 
1.96063E+11,NRF_Size_Code_USA_S 
1.96063E+11,Compact_Size_Desc_GLO_S 
1.96063E+11,Size_Code_USA_S 
1.96063E+11,Size_Desc_GLO_S 
1.96063E+11,Case_Qty_USA_S 
1.96063E+11,Country_of_Origin_Code_GLO_S 
1.96063E+11,Country_of_Origin_GLO_S 
1.96063E+11,Tax_Code_USA_S 
1.96063E+11,Amazon_ASIN_GLO_M 
1.96063E+11,Amazon_Verified_Earliest_Ship_Date_GLO_A 
1.96063E+11,AMZ Earliest Ship Date USA M 
1.96063E+11,AMZ Item Booking Date USA M 
1.96063E+11,Amazon_Cost_Price_USA_M 
1.96063E+11,Launch_Season_By_Retailer_USA_A.1
1.96063E+11,Launch_Season_By_Retailer_USA_A.2
1.96063E+11,Magento_SKU_GLO_A 
1.96063E+11,Magento_Price_USA_A 
1.96063E+11,Magento_Price_USA_A 
1.96063E+11,Magento_Product_Name_USA_A 
1.96063E+11,Magento_Product_Name_USA_A 
1.96063E+11,Magento_Quantity_USA_A 
1.96063E+11,Magento_Quantity_USA_A 
1.96063E+11,salsify:parent_id
1.96063E+11,salsify:data_inheritance_hierarchy_level_id
2284MM_DEVSTY,Brand_GLO_S 
2284MM_DEVSTY,Gender_GLO_S 
2284MM_DEVSTY,Product_Region_GLO_S 
2284MM_DEVSTY,Source_System_GLO_S 
2284MM_DEVSTY,UOM_GLO_S 
2284MM_DEVSTY,salsify:data_inheritance_hierarchy_level_id
2284MM,Style_GLO_S 
2284MM,Brand_Group_USA_S 
2284MM,Category_USA_S 
2284MM,Commission_Group_USA_S 
2284MM,Gender_Category_USA_S 
2284MM,Product_Group_USA_S 
2284MM,Silhouette_USA_S 
2284MM,Sub_Brand_USA_S 
2284MM,Sub_Category_USA_S 
2284MM,Attribute_Code_USA_S 
2284MM,Magento_Product_Name_USA_A 
2284MM,Magento_Product_Name_USA_A 
2284MM,salsify:parent_id
2284MM,salsify:data_inheritance_hierarchy_level_id
2284MM_E2Z,NRF_Color_Code_USA_S 
2284MM_E2Z,Color_Code_GLO_S 
2284MM_E2Z,Color_Desc_GLO_S 
2284MM_E2Z,Magento_SKU_GLO_A 
2284MM_E2Z,salsify:parent_id
2284MM_E2Z,salsify:data_inheritance_hierarchy_level_id
